CMake Deprecation Warning at CMakeLists.txt:4 (cmake_minimum_required):
  Compatibility with CMake < 3.5 will be removed from a future version of
  CMake.

  Update the VERSION argument <min> value or use a ...<max> suffix to tell
  CMake that the project does not need compatibility with older versions.


-- Using CATKIN_DEVEL_PREFIX: /home/hyh/TGH_ws/devel
-- Using CMAKE_PREFIX_PATH: /opt/ros/noetic
-- This workspace overlays: /opt/ros/noetic
CMake Warning (dev) at /opt/ros/noetic/share/catkin/cmake/python.cmake:4 (find_package):
  Policy CMP0148 is not set: The FindPythonInterp and FindPythonLibs modules
  are removed.  Run "cmake --help-policy CMP0148" for policy details.  Use
  the cmake_policy command to set the policy and suppress this warning.

Call Stack (most recent call first):
  /opt/ros/noetic/share/catkin/cmake/all.cmake:164 (include)
  /opt/ros/noetic/share/catkin/cmake/catkinConfig.cmake:20 (include)
  CMakeLists.txt:58 (find_package)
This warning is for project developers.  Use -Wno-dev to suppress it.

-- Found PythonInterp: /usr/bin/python3 (found suitable version "3.8.10", minimum required is "3") 
-- Using PYTHON_EXECUTABLE: /usr/bin/python3
-- Using Debian Python package layout
-- Using empy: /usr/lib/python3/dist-packages/em.py
-- Using CATKIN_ENABLE_TESTING: ON
-- Call enable_testing()
-- Using CATKIN_TEST_RESULTS_DIR: /home/hyh/TGH_ws/build/test_results
-- Forcing gtest/gmock from source, though one was otherwise available.
-- Found gtest sources under '/usr/src/googletest': gtests will be built
-- Found gmock sources under '/usr/src/googletest': gmock will be built
CMake Deprecation Warning at /usr/src/googletest/CMakeLists.txt:4 (cmake_minimum_required):
  Compatibility with CMake < 3.5 will be removed from a future version of
  CMake.

  Update the VERSION argument <min> value or use a ...<max> suffix to tell
  CMake that the project does not need compatibility with older versions.


CMake Deprecation Warning at /usr/src/googletest/googlemock/CMakeLists.txt:45 (cmake_minimum_required):
  Compatibility with CMake < 3.5 will be removed from a future version of
  CMake.

  Update the VERSION argument <min> value or use a ...<max> suffix to tell
  CMake that the project does not need compatibility with older versions.


CMake Deprecation Warning at /usr/src/googletest/googletest/CMakeLists.txt:56 (cmake_minimum_required):
  Compatibility with CMake < 3.5 will be removed from a future version of
  CMake.

  Update the VERSION argument <min> value or use a ...<max> suffix to tell
  CMake that the project does not need compatibility with older versions.


CMake Warning (dev) at /usr/src/googletest/googletest/cmake/internal_utils.cmake:249 (find_package):
  Policy CMP0148 is not set: The FindPythonInterp and FindPythonLibs modules
  are removed.  Run "cmake --help-policy CMP0148" for policy details.  Use
  the cmake_policy command to set the policy and suppress this warning.

Call Stack (most recent call first):
  /usr/src/googletest/googletest/CMakeLists.txt:91 (include)
This warning is for project developers.  Use -Wno-dev to suppress it.

-- Found PythonInterp: /usr/bin/python3 (found version "3.8.10") 
-- Using Python nosetests: /usr/bin/nosetests3
-- catkin 0.8.12
-- BUILD_SHARED_LIBS is on
-- BUILD_SHARED_LIBS is on
-- ~~~~~~~~~~~~~~~~~~~~~~~~~~~~~~~~~~~~~~~~~~~~~~~~~
-- ~~  traversing 33 packages in topological order:
-- ~~  - jackal_simulator (metapackage)
-- ~~  - car_msgs
-- ~~  - common_srvs
-- ~~  - jackal_msgs
-- ~~  - rotors_comm
-- ~~  - traj_analysis
-- ~~  - mav_msgs
-- ~~  - car_simulator
-- ~~  - poly_traj
-- ~~  - jackal_control
-- ~~  - jackal_description
-- ~~  - jackal_gazebo
-- ~~  - teb_nav
-- ~~  - rotors_control
-- ~~  - egvg_record
-- ~~  - gazebo_simulator
-- ~~  - local_planner
-- ~~  - save_map_point
-- ~~  - sensor_conversion
-- ~~  - terrain_analysis
-- ~~  - dynavoro
-- ~~  - plan_env
-- ~~  - bspline
-- ~~  - bspline_opt
-- ~~  - car_mpc
-- ~~  - path_searching
-- ~~  - raycast_test
-- ~~  - traj_utils
-- ~~  - plan_manage
-- ~~  - topo_prm_planner
-- ~~  - realsense_ros_gazebo
-- ~~  - rotors_gazebo_plugins
-- ~~  - waypoint_generator
-- ~~~~~~~~~~~~~~~~~~~~~~~~~~~~~~~~~~~~~~~~~~~~~~~~~
-- +++ processing catkin metapackage: 'jackal_simulator'
-- ==> add_subdirectory(TGH-Planner/gazebo_sim/jackal/jackal_simulator)
CMake Deprecation Warning at TGH-Planner/gazebo_sim/jackal/jackal_simulator/CMakeLists.txt:1 (cmake_minimum_required):
  Compatibility with CMake < 3.5 will be removed from a future version of
  CMake.

  Update the VERSION argument <min> value or use a ...<max> suffix to tell
  CMake that the project does not need compatibility with older versions.


-- +++ processing catkin package: 'car_msgs'
-- ==> add_subdirectory(TGH-Planner/car_simulator/car_msgs)
CMake Deprecation Warning at TGH-Planner/car_simulator/car_msgs/CMakeLists.txt:1 (cmake_minimum_required):
  Compatibility with CMake < 3.5 will be removed from a future version of
  CMake.

  Update the VERSION argument <min> value or use a ...<max> suffix to tell
  CMake that the project does not need compatibility with older versions.


-- Using these message generators: gencpp;geneus;genlisp;gennodejs;genpy
-- car_msgs: 1 messages, 0 services
-- +++ processing catkin package: 'common_srvs'
-- ==> add_subdirectory(TGH-Planner/TGH_Planner/common_srvs)
CMake Deprecation Warning at TGH-Planner/TGH_Planner/common_srvs/CMakeLists.txt:1 (cmake_minimum_required):
  Compatibility with CMake < 3.5 will be removed from a future version of
  CMake.

  Update the VERSION argument <min> value or use a ...<max> suffix to tell
  CMake that the project does not need compatibility with older versions.


-- Using these message generators: gencpp;geneus;genlisp;gennodejs;genpy
-- common_srvs: 0 messages, 4 services
-- +++ processing catkin package: 'jackal_msgs'
-- ==> add_subdirectory(TGH-Planner/gazebo_sim/jackal/jackal_msgs)
CMake Deprecation Warning at TGH-Planner/gazebo_sim/jackal/jackal_msgs/CMakeLists.txt:1 (cmake_minimum_required):
  Compatibility with CMake < 3.5 will be removed from a future version of
  CMake.

  Update the VERSION argument <min> value or use a ...<max> suffix to tell
  CMake that the project does not need compatibility with older versions.


-- Using these message generators: gencpp;geneus;genlisp;gennodejs;genpy
-- jackal_msgs: 4 messages, 0 services
-- +++ processing catkin package: 'rotors_comm'
-- ==> add_subdirectory(TGH-Planner/gazebo_sim/fly_sim/rotors_fly/rotors_comm)
CMake Deprecation Warning at TGH-Planner/gazebo_sim/fly_sim/rotors_fly/rotors_comm/CMakeLists.txt:1 (cmake_minimum_required):
  Compatibility with CMake < 3.5 will be removed from a future version of
  CMake.

  Update the VERSION argument <min> value or use a ...<max> suffix to tell
  CMake that the project does not need compatibility with older versions.


-- Using these message generators: gencpp;geneus;genlisp;gennodejs;genpy
-- rotors_comm: 1 messages, 2 services
-- +++ processing catkin package: 'traj_analysis'
-- ==> add_subdirectory(TGH-Planner/Utils/traj_analysis)
CMake Warning (dev) at TGH-Planner/Utils/traj_analysis/CMakeLists.txt:5 (find_package):
  Policy CMP0148 is not set: The FindPythonInterp and FindPythonLibs modules
  are removed.  Run "cmake --help-policy CMP0148" for policy details.  Use
  the cmake_policy command to set the policy and suppress this warning.

This warning is for project developers.  Use -Wno-dev to suppress it.

-- +++ processing catkin package: 'mav_msgs'
-- ==> add_subdirectory(TGH-Planner/gazebo_sim/fly_sim/mav_comm/mav_msgs)
CMake Deprecation Warning at TGH-Planner/gazebo_sim/fly_sim/mav_comm/mav_msgs/CMakeLists.txt:1 (cmake_minimum_required):
  Compatibility with CMake < 3.5 will be removed from a future version of
  CMake.

  Update the VERSION argument <min> value or use a ...<max> suffix to tell
  CMake that the project does not need compatibility with older versions.


-- Using these message generators: gencpp;geneus;genlisp;gennodejs;genpy
-- mav_msgs: 8 messages, 0 services
-- +++ processing catkin package: 'car_simulator'
-- ==> add_subdirectory(TGH-Planner/car_simulator/car_simulator)
CMake Deprecation Warning at TGH-Planner/car_simulator/car_simulator/CMakeLists.txt:1 (cmake_minimum_required):
  Compatibility with CMake < 3.5 will be removed from a future version of
  CMake.

  Update the VERSION argument <min> value or use a ...<max> suffix to tell
  CMake that the project does not need compatibility with older versions.


-- Using these message generators: gencpp;geneus;genlisp;gennodejs;genpy
-- +++ processing catkin package: 'poly_traj'
-- ==> add_subdirectory(TGH-Planner/TGH_Planner/poly_traj)
CMake Deprecation Warning at TGH-Planner/TGH_Planner/poly_traj/CMakeLists.txt:1 (cmake_minimum_required):
  Compatibility with CMake < 3.5 will be removed from a future version of
  CMake.

  Update the VERSION argument <min> value or use a ...<max> suffix to tell
  CMake that the project does not need compatibility with older versions.


-- +++ processing catkin package: 'jackal_control'
-- ==> add_subdirectory(TGH-Planner/gazebo_sim/jackal/jackal_control)
CMake Deprecation Warning at TGH-Planner/gazebo_sim/jackal/jackal_control/CMakeLists.txt:1 (cmake_minimum_required):
  Compatibility with CMake < 3.5 will be removed from a future version of
  CMake.

  Update the VERSION argument <min> value or use a ...<max> suffix to tell
  CMake that the project does not need compatibility with older versions.


-- +++ processing catkin package: 'jackal_description'
-- ==> add_subdirectory(TGH-Planner/gazebo_sim/jackal/jackal_description)
CMake Deprecation Warning at TGH-Planner/gazebo_sim/jackal/jackal_description/CMakeLists.txt:1 (cmake_minimum_required):
  Compatibility with CMake < 3.5 will be removed from a future version of
  CMake.

  Update the VERSION argument <min> value or use a ...<max> suffix to tell
  CMake that the project does not need compatibility with older versions.


-- +++ processing catkin package: 'jackal_gazebo'
-- ==> add_subdirectory(TGH-Planner/gazebo_sim/jackal/jackal_gazebo)
CMake Deprecation Warning at TGH-Planner/gazebo_sim/jackal/jackal_gazebo/CMakeLists.txt:1 (cmake_minimum_required):
  Compatibility with CMake < 3.5 will be removed from a future version of
  CMake.

  Update the VERSION argument <min> value or use a ...<max> suffix to tell
  CMake that the project does not need compatibility with older versions.


-- +++ processing catkin package: 'teb_nav'
-- ==> add_subdirectory(TGH-Planner/Utils/teb_nav)
CMake Deprecation Warning at TGH-Planner/Utils/teb_nav/CMakeLists.txt:1 (cmake_minimum_required):
  Compatibility with CMake < 3.5 will be removed from a future version of
  CMake.

  Update the VERSION argument <min> value or use a ...<max> suffix to tell
  CMake that the project does not need compatibility with older versions.


-- +++ processing catkin package: 'rotors_control'
-- ==> add_subdirectory(TGH-Planner/gazebo_sim/fly_sim/rotors_fly/rotors_control)
CMake Deprecation Warning at TGH-Planner/gazebo_sim/fly_sim/rotors_fly/rotors_control/CMakeLists.txt:1 (cmake_minimum_required):
  Compatibility with CMake < 3.5 will be removed from a future version of
  CMake.

  Update the VERSION argument <min> value or use a ...<max> suffix to tell
  CMake that the project does not need compatibility with older versions.


-- Using these message generators: gencpp;geneus;genlisp;gennodejs;genpy
-- +++ processing catkin package: 'egvg_record'
-- ==> add_subdirectory(TGH-Planner/Utils/egvg_record)
CMake Deprecation Warning at TGH-Planner/Utils/egvg_record/CMakeLists.txt:1 (cmake_minimum_required):
  Compatibility with CMake < 3.5 will be removed from a future version of
  CMake.

  Update the VERSION argument <min> value or use a ...<max> suffix to tell
  CMake that the project does not need compatibility with older versions.


-- Using these message generators: gencpp;geneus;genlisp;gennodejs;genpy
CMake Warning (dev) at /usr/lib/x86_64-linux-gnu/cmake/pcl/PCLConfig.cmake:152 (find_package):
  Policy CMP0144 is not set: find_package uses upper-case <PACKAGENAME>_ROOT
  variables.  Run "cmake --help-policy CMP0144" for policy details.  Use the
  cmake_policy command to set the policy and suppress this warning.

  CMake variable EIGEN_ROOT is set to:

    /usr/include/eigen3

  For compatibility, find_package is ignoring the variable, but code in a
  .cmake module might still use it.
Call Stack (most recent call first):
  /usr/lib/x86_64-linux-gnu/cmake/pcl/PCLConfig.cmake:316 (find_eigen)
  /usr/lib/x86_64-linux-gnu/cmake/pcl/PCLConfig.cmake:551 (find_external_library)
  TGH-Planner/Utils/egvg_record/CMakeLists.txt:18 (find_package)
This warning is for project developers.  Use -Wno-dev to suppress it.

-- Found Eigen: /usr/include/eigen3 (Required is at least version "3.1") 
-- Eigen found (include: /usr/include/eigen3, version: 3.3.7)
-- Found Boost: /usr/include (found suitable version "1.71.0", minimum required is "1.55.0") found components: system filesystem date_time iostreams regex 
CMake Warning (dev) at /usr/lib/x86_64-linux-gnu/cmake/pcl/Modules/FindFLANN.cmake:44 (find_package):
  Policy CMP0144 is not set: find_package uses upper-case <PACKAGENAME>_ROOT
  variables.  Run "cmake --help-policy CMP0144" for policy details.  Use the
  cmake_policy command to set the policy and suppress this warning.

  CMake variable FLANN_ROOT is set to:

    /usr

  For compatibility, find_package is ignoring the variable, but code in a
  .cmake module might still use it.
Call Stack (most recent call first):
  /usr/lib/x86_64-linux-gnu/cmake/pcl/PCLConfig.cmake:263 (find_package)
  /usr/lib/x86_64-linux-gnu/cmake/pcl/PCLConfig.cmake:318 (find_flann)
  /usr/lib/x86_64-linux-gnu/cmake/pcl/PCLConfig.cmake:551 (find_external_library)
  TGH-Planner/Utils/egvg_record/CMakeLists.txt:18 (find_package)
This warning is for project developers.  Use -Wno-dev to suppress it.

-- The imported target "vtkParseOGLExt" references the file
   "/usr/bin/vtkParseOGLExt-7.1"
but this file does not exist.  Possible reasons include:
* The file was deleted, renamed, or moved to another location.
* An install or uninstall procedure did not complete successfully.
* The installation package was faulty and contained
   "/usr/lib/cmake/vtk-7.1/VTKTargets.cmake"
but not all the files it references.

-- The imported target "vtkRenderingPythonTkWidgets" references the file
   "/usr/lib/x86_64-linux-gnu/libvtkRenderingPythonTkWidgets.so"
but this file does not exist.  Possible reasons include:
* The file was deleted, renamed, or moved to another location.
* An install or uninstall procedure did not complete successfully.
* The installation package was faulty and contained
   "/usr/lib/cmake/vtk-7.1/VTKTargets.cmake"
but not all the files it references.

-- The imported target "vtk" references the file
   "/usr/bin/vtk"
but this file does not exist.  Possible reasons include:
* The file was deleted, renamed, or moved to another location.
* An install or uninstall procedure did not complete successfully.
* The installation package was faulty and contained
   "/usr/lib/cmake/vtk-7.1/VTKTargets.cmake"
but not all the files it references.

-- The imported target "pvtk" references the file
   "/usr/bin/pvtk"
but this file does not exist.  Possible reasons include:
* The file was deleted, renamed, or moved to another location.
* An install or uninstall procedure did not complete successfully.
* The installation package was faulty and contained
   "/usr/lib/cmake/vtk-7.1/VTKTargets.cmake"
but not all the files it references.

CMake Warning (dev) at /usr/local/share/cmake-3.28/Modules/FindPackageHandleStandardArgs.cmake:438 (message):
  The package name passed to `find_package_handle_standard_args` (USB_10)
  does not match the name of the calling package (OpenNI).  This can lead to
  problems in calling code that expects `find_package` result variables
  (e.g., `_FOUND`) to follow a certain pattern.
Call Stack (most recent call first):
  /usr/lib/x86_64-linux-gnu/cmake/pcl/Modules/FindOpenNI.cmake:28 (find_package_handle_standard_args)
  /usr/lib/x86_64-linux-gnu/cmake/pcl/PCLConfig.cmake:179 (find_package)
  /usr/lib/x86_64-linux-gnu/cmake/pcl/PCLConfig.cmake:322 (find_openni)
  /usr/lib/x86_64-linux-gnu/cmake/pcl/PCLConfig.cmake:548 (find_external_library)
  TGH-Planner/Utils/egvg_record/CMakeLists.txt:18 (find_package)
This warning is for project developers.  Use -Wno-dev to suppress it.

-- OpenNI found (include: /usr/include/ni, lib: /usr/lib/libOpenNI.so)
CMake Warning (dev) at /usr/local/share/cmake-3.28/Modules/FindPackageHandleStandardArgs.cmake:438 (message):
  The package name passed to `find_package_handle_standard_args` (USB_10)
  does not match the name of the calling package (OpenNI2).  This can lead to
  problems in calling code that expects `find_package` result variables
  (e.g., `_FOUND`) to follow a certain pattern.
Call Stack (most recent call first):
  /usr/lib/x86_64-linux-gnu/cmake/pcl/Modules/FindOpenNI2.cmake:28 (find_package_handle_standard_args)
  /usr/lib/x86_64-linux-gnu/cmake/pcl/PCLConfig.cmake:193 (find_package)
  /usr/lib/x86_64-linux-gnu/cmake/pcl/PCLConfig.cmake:324 (find_openni2)
  /usr/lib/x86_64-linux-gnu/cmake/pcl/PCLConfig.cmake:548 (find_external_library)
  TGH-Planner/Utils/egvg_record/CMakeLists.txt:18 (find_package)
This warning is for project developers.  Use -Wno-dev to suppress it.

-- OpenNI2 found (include: /usr/include/openni2, lib: /usr/lib/libOpenNI2.so)
** WARNING ** io features related to pcap will be disabled
** WARNING ** io features related to png will be disabled
CMake Warning (dev) at /usr/local/share/cmake-3.28/Modules/FindPackageHandleStandardArgs.cmake:438 (message):
  The package name passed to `find_package_handle_standard_args` (libusb-1.0)
  does not match the name of the calling package (PCL).  This can lead to
  problems in calling code that expects `find_package` result variables
  (e.g., `_FOUND`) to follow a certain pattern.
Call Stack (most recent call first):
  /usr/lib/x86_64-linux-gnu/cmake/pcl/PCLConfig.cmake:291 (find_package_handle_standard_args)
  /usr/lib/x86_64-linux-gnu/cmake/pcl/PCLConfig.cmake:338 (find_libusb)
  /usr/lib/x86_64-linux-gnu/cmake/pcl/PCLConfig.cmake:548 (find_external_library)
  TGH-Planner/Utils/egvg_record/CMakeLists.txt:18 (find_package)
This warning is for project developers.  Use -Wno-dev to suppress it.

** WARNING ** io features related to libusb-1.0 will be disabled
CMake Warning (dev) at /usr/local/share/cmake-3.28/Modules/FindPackageHandleStandardArgs.cmake:438 (message):
  The package name passed to `find_package_handle_standard_args` (USB_10)
  does not match the name of the calling package (OpenNI).  This can lead to
  problems in calling code that expects `find_package` result variables
  (e.g., `_FOUND`) to follow a certain pattern.
Call Stack (most recent call first):
  /usr/lib/x86_64-linux-gnu/cmake/pcl/Modules/FindOpenNI.cmake:28 (find_package_handle_standard_args)
  /usr/lib/x86_64-linux-gnu/cmake/pcl/PCLConfig.cmake:179 (find_package)
  /usr/lib/x86_64-linux-gnu/cmake/pcl/PCLConfig.cmake:322 (find_openni)
  /usr/lib/x86_64-linux-gnu/cmake/pcl/PCLConfig.cmake:548 (find_external_library)
  TGH-Planner/Utils/egvg_record/CMakeLists.txt:18 (find_package)
This warning is for project developers.  Use -Wno-dev to suppress it.

-- OpenNI found (include: /usr/include/ni, lib: /usr/lib/libOpenNI.so)
CMake Warning (dev) at /usr/local/share/cmake-3.28/Modules/FindPackageHandleStandardArgs.cmake:438 (message):
  The package name passed to `find_package_handle_standard_args` (USB_10)
  does not match the name of the calling package (OpenNI2).  This can lead to
  problems in calling code that expects `find_package` result variables
  (e.g., `_FOUND`) to follow a certain pattern.
Call Stack (most recent call first):
  /usr/lib/x86_64-linux-gnu/cmake/pcl/Modules/FindOpenNI2.cmake:28 (find_package_handle_standard_args)
  /usr/lib/x86_64-linux-gnu/cmake/pcl/PCLConfig.cmake:193 (find_package)
  /usr/lib/x86_64-linux-gnu/cmake/pcl/PCLConfig.cmake:324 (find_openni2)
  /usr/lib/x86_64-linux-gnu/cmake/pcl/PCLConfig.cmake:548 (find_external_library)
  TGH-Planner/Utils/egvg_record/CMakeLists.txt:18 (find_package)
This warning is for project developers.  Use -Wno-dev to suppress it.

-- OpenNI2 found (include: /usr/include/openni2, lib: /usr/lib/libOpenNI2.so)
CMake Warning (dev) at /usr/lib/x86_64-linux-gnu/cmake/pcl/PCLConfig.cmake:165 (find_package):
  Policy CMP0144 is not set: find_package uses upper-case <PACKAGENAME>_ROOT
  variables.  Run "cmake --help-policy CMP0144" for policy details.  Use the
  cmake_policy command to set the policy and suppress this warning.

  CMake variable QHULL_ROOT is set to:

    /usr

  For compatibility, find_package is ignoring the variable, but code in a
  .cmake module might still use it.
Call Stack (most recent call first):
  /usr/lib/x86_64-linux-gnu/cmake/pcl/PCLConfig.cmake:320 (find_qhull)
  /usr/lib/x86_64-linux-gnu/cmake/pcl/PCLConfig.cmake:548 (find_external_library)
  TGH-Planner/Utils/egvg_record/CMakeLists.txt:18 (find_package)
This warning is for project developers.  Use -Wno-dev to suppress it.

-- Could NOT find Qhull (missing: QHULL_LIBRARIES QHULL_INCLUDE_DIRS) 
** WARNING ** surface features related to qhull will be disabled
CMake Warning (dev) at /usr/local/share/cmake-3.28/Modules/FindPackageHandleStandardArgs.cmake:438 (message):
  The package name passed to `find_package_handle_standard_args` (USB_10)
  does not match the name of the calling package (OpenNI).  This can lead to
  problems in calling code that expects `find_package` result variables
  (e.g., `_FOUND`) to follow a certain pattern.
Call Stack (most recent call first):
  /usr/lib/x86_64-linux-gnu/cmake/pcl/Modules/FindOpenNI.cmake:28 (find_package_handle_standard_args)
  /usr/lib/x86_64-linux-gnu/cmake/pcl/PCLConfig.cmake:179 (find_package)
  /usr/lib/x86_64-linux-gnu/cmake/pcl/PCLConfig.cmake:322 (find_openni)
  /usr/lib/x86_64-linux-gnu/cmake/pcl/PCLConfig.cmake:548 (find_external_library)
  TGH-Planner/Utils/egvg_record/CMakeLists.txt:18 (find_package)
This warning is for project developers.  Use -Wno-dev to suppress it.

-- OpenNI found (include: /usr/include/ni, lib: /usr/lib/libOpenNI.so)
-- looking for PCL_COMMON
CMake Warning (dev) at /usr/local/share/cmake-3.28/Modules/FindPackageHandleStandardArgs.cmake:438 (message):
  The package name passed to `find_package_handle_standard_args` (PCL_COMMON)
  does not match the name of the calling package (PCL).  This can lead to
  problems in calling code that expects `find_package` result variables
  (e.g., `_FOUND`) to follow a certain pattern.
Call Stack (most recent call first):
  /usr/lib/x86_64-linux-gnu/cmake/pcl/PCLConfig.cmake:616 (find_package_handle_standard_args)
  TGH-Planner/Utils/egvg_record/CMakeLists.txt:18 (find_package)
This warning is for project developers.  Use -Wno-dev to suppress it.

-- looking for PCL_KDTREE
CMake Warning (dev) at /usr/local/share/cmake-3.28/Modules/FindPackageHandleStandardArgs.cmake:438 (message):
  The package name passed to `find_package_handle_standard_args` (PCL_KDTREE)
  does not match the name of the calling package (PCL).  This can lead to
  problems in calling code that expects `find_package` result variables
  (e.g., `_FOUND`) to follow a certain pattern.
Call Stack (most recent call first):
  /usr/lib/x86_64-linux-gnu/cmake/pcl/PCLConfig.cmake:616 (find_package_handle_standard_args)
  TGH-Planner/Utils/egvg_record/CMakeLists.txt:18 (find_package)
This warning is for project developers.  Use -Wno-dev to suppress it.

-- looking for PCL_OCTREE
CMake Warning (dev) at /usr/local/share/cmake-3.28/Modules/FindPackageHandleStandardArgs.cmake:438 (message):
  The package name passed to `find_package_handle_standard_args` (PCL_OCTREE)
  does not match the name of the calling package (PCL).  This can lead to
  problems in calling code that expects `find_package` result variables
  (e.g., `_FOUND`) to follow a certain pattern.
Call Stack (most recent call first):
  /usr/lib/x86_64-linux-gnu/cmake/pcl/PCLConfig.cmake:616 (find_package_handle_standard_args)
  TGH-Planner/Utils/egvg_record/CMakeLists.txt:18 (find_package)
This warning is for project developers.  Use -Wno-dev to suppress it.

-- looking for PCL_SEARCH
CMake Warning (dev) at /usr/local/share/cmake-3.28/Modules/FindPackageHandleStandardArgs.cmake:438 (message):
  The package name passed to `find_package_handle_standard_args` (PCL_SEARCH)
  does not match the name of the calling package (PCL).  This can lead to
  problems in calling code that expects `find_package` result variables
  (e.g., `_FOUND`) to follow a certain pattern.
Call Stack (most recent call first):
  /usr/lib/x86_64-linux-gnu/cmake/pcl/PCLConfig.cmake:616 (find_package_handle_standard_args)
  TGH-Planner/Utils/egvg_record/CMakeLists.txt:18 (find_package)
This warning is for project developers.  Use -Wno-dev to suppress it.

-- looking for PCL_SAMPLE_CONSENSUS
CMake Warning (dev) at /usr/local/share/cmake-3.28/Modules/FindPackageHandleStandardArgs.cmake:438 (message):
  The package name passed to `find_package_handle_standard_args`
  (PCL_SAMPLE_CONSENSUS) does not match the name of the calling package
  (PCL).  This can lead to problems in calling code that expects
  `find_package` result variables (e.g., `_FOUND`) to follow a certain
  pattern.
Call Stack (most recent call first):
  /usr/lib/x86_64-linux-gnu/cmake/pcl/PCLConfig.cmake:616 (find_package_handle_standard_args)
  TGH-Planner/Utils/egvg_record/CMakeLists.txt:18 (find_package)
This warning is for project developers.  Use -Wno-dev to suppress it.

-- looking for PCL_FILTERS
CMake Warning (dev) at /usr/local/share/cmake-3.28/Modules/FindPackageHandleStandardArgs.cmake:438 (message):
  The package name passed to `find_package_handle_standard_args`
  (PCL_FILTERS) does not match the name of the calling package (PCL).  This
  can lead to problems in calling code that expects `find_package` result
  variables (e.g., `_FOUND`) to follow a certain pattern.
Call Stack (most recent call first):
  /usr/lib/x86_64-linux-gnu/cmake/pcl/PCLConfig.cmake:616 (find_package_handle_standard_args)
  TGH-Planner/Utils/egvg_record/CMakeLists.txt:18 (find_package)
This warning is for project developers.  Use -Wno-dev to suppress it.

-- looking for PCL_2D
CMake Warning (dev) at /usr/local/share/cmake-3.28/Modules/FindPackageHandleStandardArgs.cmake:438 (message):
  The package name passed to `find_package_handle_standard_args` (PCL_2D)
  does not match the name of the calling package (PCL).  This can lead to
  problems in calling code that expects `find_package` result variables
  (e.g., `_FOUND`) to follow a certain pattern.
Call Stack (most recent call first):
  /usr/lib/x86_64-linux-gnu/cmake/pcl/PCLConfig.cmake:619 (find_package_handle_standard_args)
  TGH-Planner/Utils/egvg_record/CMakeLists.txt:18 (find_package)
This warning is for project developers.  Use -Wno-dev to suppress it.

-- looking for PCL_GEOMETRY
CMake Warning (dev) at /usr/local/share/cmake-3.28/Modules/FindPackageHandleStandardArgs.cmake:438 (message):
  The package name passed to `find_package_handle_standard_args`
  (PCL_GEOMETRY) does not match the name of the calling package (PCL).  This
  can lead to problems in calling code that expects `find_package` result
  variables (e.g., `_FOUND`) to follow a certain pattern.
Call Stack (most recent call first):
  /usr/lib/x86_64-linux-gnu/cmake/pcl/PCLConfig.cmake:619 (find_package_handle_standard_args)
  TGH-Planner/Utils/egvg_record/CMakeLists.txt:18 (find_package)
This warning is for project developers.  Use -Wno-dev to suppress it.

-- looking for PCL_IO
CMake Warning (dev) at /usr/local/share/cmake-3.28/Modules/FindPackageHandleStandardArgs.cmake:438 (message):
  The package name passed to `find_package_handle_standard_args` (PCL_IO)
  does not match the name of the calling package (PCL).  This can lead to
  problems in calling code that expects `find_package` result variables
  (e.g., `_FOUND`) to follow a certain pattern.
Call Stack (most recent call first):
  /usr/lib/x86_64-linux-gnu/cmake/pcl/PCLConfig.cmake:616 (find_package_handle_standard_args)
  TGH-Planner/Utils/egvg_record/CMakeLists.txt:18 (find_package)
This warning is for project developers.  Use -Wno-dev to suppress it.

-- looking for PCL_FEATURES
CMake Warning (dev) at /usr/local/share/cmake-3.28/Modules/FindPackageHandleStandardArgs.cmake:438 (message):
  The package name passed to `find_package_handle_standard_args`
  (PCL_FEATURES) does not match the name of the calling package (PCL).  This
  can lead to problems in calling code that expects `find_package` result
  variables (e.g., `_FOUND`) to follow a certain pattern.
Call Stack (most recent call first):
  /usr/lib/x86_64-linux-gnu/cmake/pcl/PCLConfig.cmake:616 (find_package_handle_standard_args)
  TGH-Planner/Utils/egvg_record/CMakeLists.txt:18 (find_package)
This warning is for project developers.  Use -Wno-dev to suppress it.

-- looking for PCL_ML
CMake Warning (dev) at /usr/local/share/cmake-3.28/Modules/FindPackageHandleStandardArgs.cmake:438 (message):
  The package name passed to `find_package_handle_standard_args` (PCL_ML)
  does not match the name of the calling package (PCL).  This can lead to
  problems in calling code that expects `find_package` result variables
  (e.g., `_FOUND`) to follow a certain pattern.
Call Stack (most recent call first):
  /usr/lib/x86_64-linux-gnu/cmake/pcl/PCLConfig.cmake:616 (find_package_handle_standard_args)
  TGH-Planner/Utils/egvg_record/CMakeLists.txt:18 (find_package)
This warning is for project developers.  Use -Wno-dev to suppress it.

-- looking for PCL_SEGMENTATION
CMake Warning (dev) at /usr/local/share/cmake-3.28/Modules/FindPackageHandleStandardArgs.cmake:438 (message):
  The package name passed to `find_package_handle_standard_args`
  (PCL_SEGMENTATION) does not match the name of the calling package (PCL).
  This can lead to problems in calling code that expects `find_package`
  result variables (e.g., `_FOUND`) to follow a certain pattern.
Call Stack (most recent call first):
  /usr/lib/x86_64-linux-gnu/cmake/pcl/PCLConfig.cmake:616 (find_package_handle_standard_args)
  TGH-Planner/Utils/egvg_record/CMakeLists.txt:18 (find_package)
This warning is for project developers.  Use -Wno-dev to suppress it.

-- looking for PCL_VISUALIZATION
CMake Warning (dev) at /usr/local/share/cmake-3.28/Modules/FindPackageHandleStandardArgs.cmake:438 (message):
  The package name passed to `find_package_handle_standard_args`
  (PCL_VISUALIZATION) does not match the name of the calling package (PCL).
  This can lead to problems in calling code that expects `find_package`
  result variables (e.g., `_FOUND`) to follow a certain pattern.
Call Stack (most recent call first):
  /usr/lib/x86_64-linux-gnu/cmake/pcl/PCLConfig.cmake:616 (find_package_handle_standard_args)
  TGH-Planner/Utils/egvg_record/CMakeLists.txt:18 (find_package)
This warning is for project developers.  Use -Wno-dev to suppress it.

-- looking for PCL_SURFACE
CMake Warning (dev) at /usr/local/share/cmake-3.28/Modules/FindPackageHandleStandardArgs.cmake:438 (message):
  The package name passed to `find_package_handle_standard_args`
  (PCL_SURFACE) does not match the name of the calling package (PCL).  This
  can lead to problems in calling code that expects `find_package` result
  variables (e.g., `_FOUND`) to follow a certain pattern.
Call Stack (most recent call first):
  /usr/lib/x86_64-linux-gnu/cmake/pcl/PCLConfig.cmake:616 (find_package_handle_standard_args)
  TGH-Planner/Utils/egvg_record/CMakeLists.txt:18 (find_package)
This warning is for project developers.  Use -Wno-dev to suppress it.

-- looking for PCL_REGISTRATION
CMake Warning (dev) at /usr/local/share/cmake-3.28/Modules/FindPackageHandleStandardArgs.cmake:438 (message):
  The package name passed to `find_package_handle_standard_args`
  (PCL_REGISTRATION) does not match the name of the calling package (PCL).
  This can lead to problems in calling code that expects `find_package`
  result variables (e.g., `_FOUND`) to follow a certain pattern.
Call Stack (most recent call first):
  /usr/lib/x86_64-linux-gnu/cmake/pcl/PCLConfig.cmake:616 (find_package_handle_standard_args)
  TGH-Planner/Utils/egvg_record/CMakeLists.txt:18 (find_package)
This warning is for project developers.  Use -Wno-dev to suppress it.

-- looking for PCL_KEYPOINTS
CMake Warning (dev) at /usr/local/share/cmake-3.28/Modules/FindPackageHandleStandardArgs.cmake:438 (message):
  The package name passed to `find_package_handle_standard_args`
  (PCL_KEYPOINTS) does not match the name of the calling package (PCL).  This
  can lead to problems in calling code that expects `find_package` result
  variables (e.g., `_FOUND`) to follow a certain pattern.
Call Stack (most recent call first):
  /usr/lib/x86_64-linux-gnu/cmake/pcl/PCLConfig.cmake:616 (find_package_handle_standard_args)
  TGH-Planner/Utils/egvg_record/CMakeLists.txt:18 (find_package)
This warning is for project developers.  Use -Wno-dev to suppress it.

-- looking for PCL_TRACKING
CMake Warning (dev) at /usr/local/share/cmake-3.28/Modules/FindPackageHandleStandardArgs.cmake:438 (message):
  The package name passed to `find_package_handle_standard_args`
  (PCL_TRACKING) does not match the name of the calling package (PCL).  This
  can lead to problems in calling code that expects `find_package` result
  variables (e.g., `_FOUND`) to follow a certain pattern.
Call Stack (most recent call first):
  /usr/lib/x86_64-linux-gnu/cmake/pcl/PCLConfig.cmake:616 (find_package_handle_standard_args)
  TGH-Planner/Utils/egvg_record/CMakeLists.txt:18 (find_package)
This warning is for project developers.  Use -Wno-dev to suppress it.

-- looking for PCL_RECOGNITION
CMake Warning (dev) at /usr/local/share/cmake-3.28/Modules/FindPackageHandleStandardArgs.cmake:438 (message):
  The package name passed to `find_package_handle_standard_args`
  (PCL_RECOGNITION) does not match the name of the calling package (PCL).
  This can lead to problems in calling code that expects `find_package`
  result variables (e.g., `_FOUND`) to follow a certain pattern.
Call Stack (most recent call first):
  /usr/lib/x86_64-linux-gnu/cmake/pcl/PCLConfig.cmake:616 (find_package_handle_standard_args)
  TGH-Planner/Utils/egvg_record/CMakeLists.txt:18 (find_package)
This warning is for project developers.  Use -Wno-dev to suppress it.

-- looking for PCL_STEREO
CMake Warning (dev) at /usr/local/share/cmake-3.28/Modules/FindPackageHandleStandardArgs.cmake:438 (message):
  The package name passed to `find_package_handle_standard_args` (PCL_STEREO)
  does not match the name of the calling package (PCL).  This can lead to
  problems in calling code that expects `find_package` result variables
  (e.g., `_FOUND`) to follow a certain pattern.
Call Stack (most recent call first):
  /usr/lib/x86_64-linux-gnu/cmake/pcl/PCLConfig.cmake:616 (find_package_handle_standard_args)
  TGH-Planner/Utils/egvg_record/CMakeLists.txt:18 (find_package)
This warning is for project developers.  Use -Wno-dev to suppress it.

-- looking for PCL_APPS
CMake Warning (dev) at /usr/local/share/cmake-3.28/Modules/FindPackageHandleStandardArgs.cmake:438 (message):
  The package name passed to `find_package_handle_standard_args` (PCL_APPS)
  does not match the name of the calling package (PCL).  This can lead to
  problems in calling code that expects `find_package` result variables
  (e.g., `_FOUND`) to follow a certain pattern.
Call Stack (most recent call first):
  /usr/lib/x86_64-linux-gnu/cmake/pcl/PCLConfig.cmake:616 (find_package_handle_standard_args)
  TGH-Planner/Utils/egvg_record/CMakeLists.txt:18 (find_package)
This warning is for project developers.  Use -Wno-dev to suppress it.

-- looking for PCL_IN_HAND_SCANNER
CMake Warning (dev) at /usr/local/share/cmake-3.28/Modules/FindPackageHandleStandardArgs.cmake:438 (message):
  The package name passed to `find_package_handle_standard_args`
  (PCL_IN_HAND_SCANNER) does not match the name of the calling package (PCL).
  This can lead to problems in calling code that expects `find_package`
  result variables (e.g., `_FOUND`) to follow a certain pattern.
Call Stack (most recent call first):
  /usr/lib/x86_64-linux-gnu/cmake/pcl/PCLConfig.cmake:619 (find_package_handle_standard_args)
  TGH-Planner/Utils/egvg_record/CMakeLists.txt:18 (find_package)
This warning is for project developers.  Use -Wno-dev to suppress it.

-- looking for PCL_POINT_CLOUD_EDITOR
CMake Warning (dev) at /usr/local/share/cmake-3.28/Modules/FindPackageHandleStandardArgs.cmake:438 (message):
  The package name passed to `find_package_handle_standard_args`
  (PCL_POINT_CLOUD_EDITOR) does not match the name of the calling package
  (PCL).  This can lead to problems in calling code that expects
  `find_package` result variables (e.g., `_FOUND`) to follow a certain
  pattern.
Call Stack (most recent call first):
  /usr/lib/x86_64-linux-gnu/cmake/pcl/PCLConfig.cmake:619 (find_package_handle_standard_args)
  TGH-Planner/Utils/egvg_record/CMakeLists.txt:18 (find_package)
This warning is for project developers.  Use -Wno-dev to suppress it.

-- looking for PCL_OUTOFCORE
CMake Warning (dev) at /usr/local/share/cmake-3.28/Modules/FindPackageHandleStandardArgs.cmake:438 (message):
  The package name passed to `find_package_handle_standard_args`
  (PCL_OUTOFCORE) does not match the name of the calling package (PCL).  This
  can lead to problems in calling code that expects `find_package` result
  variables (e.g., `_FOUND`) to follow a certain pattern.
Call Stack (most recent call first):
  /usr/lib/x86_64-linux-gnu/cmake/pcl/PCLConfig.cmake:616 (find_package_handle_standard_args)
  TGH-Planner/Utils/egvg_record/CMakeLists.txt:18 (find_package)
This warning is for project developers.  Use -Wno-dev to suppress it.

-- looking for PCL_PEOPLE
CMake Warning (dev) at /usr/local/share/cmake-3.28/Modules/FindPackageHandleStandardArgs.cmake:438 (message):
  The package name passed to `find_package_handle_standard_args` (PCL_PEOPLE)
  does not match the name of the calling package (PCL).  This can lead to
  problems in calling code that expects `find_package` result variables
  (e.g., `_FOUND`) to follow a certain pattern.
Call Stack (most recent call first):
  /usr/lib/x86_64-linux-gnu/cmake/pcl/PCLConfig.cmake:616 (find_package_handle_standard_args)
  TGH-Planner/Utils/egvg_record/CMakeLists.txt:18 (find_package)
This warning is for project developers.  Use -Wno-dev to suppress it.

-- Found PCL: pcl_common;pcl_kdtree;pcl_octree;pcl_search;pcl_sample_consensus;pcl_filters;pcl_io;pcl_features;pcl_ml;pcl_segmentation;pcl_visualization;pcl_surface;pcl_registration;pcl_keypoints;pcl_tracking;pcl_recognition;pcl_stereo;pcl_apps;pcl_outofcore;pcl_people;optimized;/usr/lib/x86_64-linux-gnu/libboost_system.so.1.71.0;debug;/usr/lib/x86_64-linux-gnu/libboost_system.so;optimized;/usr/lib/x86_64-linux-gnu/libboost_filesystem.so.1.71.0;debug;/usr/lib/x86_64-linux-gnu/libboost_filesystem.so;optimized;/usr/lib/x86_64-linux-gnu/libboost_date_time.so.1.71.0;debug;/usr/lib/x86_64-linux-gnu/libboost_date_time.so;optimized;/usr/lib/x86_64-linux-gnu/libboost_iostreams.so.1.71.0;debug;/usr/lib/x86_64-linux-gnu/libboost_iostreams.so;optimized;/usr/lib/x86_64-linux-gnu/libboost_regex.so.1.71.0;debug;/usr/lib/x86_64-linux-gnu/libboost_regex.so;/usr/lib/libOpenNI.so;/usr/lib/libOpenNI2.so;vtkChartsCore;vtkCommonColor;vtkCommonCore;vtksys;vtkCommonDataModel;vtkCommonMath;vtkCommonMisc;vtkCommonSystem;vtkCommonTransforms;vtkCommonExecutionModel;vtkFiltersGeneral;vtkCommonComputationalGeometry;vtkFiltersCore;vtkInfovisCore;vtkFiltersExtraction;vtkFiltersStatistics;vtkImagingFourier;vtkImagingCore;vtkalglib;vtkRenderingContext2D;vtkRenderingCore;vtkFiltersGeometry;vtkFiltersSources;vtkRenderingFreeType;/usr/lib/x86_64-linux-gnu/libfreetype.so;/usr/lib/x86_64-linux-gnu/libz.so;vtkFiltersModeling;vtkImagingSources;vtkInteractionStyle;vtkInteractionWidgets;vtkFiltersHybrid;vtkImagingColor;vtkImagingGeneral;vtkImagingHybrid;vtkIOImage;vtkDICOMParser;vtkmetaio;/usr/lib/x86_64-linux-gnu/libjpeg.so;/usr/lib/x86_64-linux-gnu/libpng.so;/usr/lib/x86_64-linux-gnu/libtiff.so;vtkRenderingAnnotation;vtkRenderingVolume;vtkIOXML;vtkIOCore;vtkIOXMLParser;/usr/lib/x86_64-linux-gnu/libexpat.so;vtkIOGeometry;vtkIOLegacy;vtkIOPLY;vtkRenderingLOD;vtkViewsContext2D;vtkViewsCore;vtkRenderingContextOpenGL2;vtkRenderingOpenGL2;FLANN::FLANN  
-- +++ processing catkin package: 'gazebo_simulator'
-- ==> add_subdirectory(TGH-Planner/gazebo_sim/gazebo_simulator)
CMake Deprecation Warning at TGH-Planner/gazebo_sim/gazebo_simulator/CMakeLists.txt:1 (cmake_minimum_required):
  Compatibility with CMake < 3.5 will be removed from a future version of
  CMake.

  Update the VERSION argument <min> value or use a ...<max> suffix to tell
  CMake that the project does not need compatibility with older versions.


WARNING: package 'gazebo_ros' is deprecated (This package has been deprecated as of January 2025 with Gazebo classic 11 reaching
      end-of-life. Users are highly encouraged to migrate to the new Gazebo
      using our migration guides (https://gazebosim.org/docs/latest/gazebo_classic_migration))
-- Using these message generators: gencpp;geneus;genlisp;gennodejs;genpy
WARNING: package 'gazebo_msgs' is deprecated (This package has been deprecated as of January 2025 with Gazebo classic 11 reaching
      end-of-life. Users are highly encouraged to migrate to the new Gazebo
      using our migration guides (https://gazebosim.org/docs/latest/gazebo_classic_migration))
CMake Warning at /opt/ros/noetic/share/catkin/cmake/catkin_package.cmake:166 (message):
  catkin_package() DEPENDS on 'Eigen' but neither 'Eigen_INCLUDE_DIRS' nor
  'Eigen_LIBRARIES' is defined.
Call Stack (most recent call first):
  /opt/ros/noetic/share/catkin/cmake/catkin_package.cmake:102 (_catkin_package)
  TGH-Planner/gazebo_sim/gazebo_simulator/CMakeLists.txt:19 (catkin_package)


-- +++ processing catkin package: 'local_planner'
-- ==> add_subdirectory(TGH-Planner/cmu_palnner/local_planner)
CMake Deprecation Warning at TGH-Planner/cmu_palnner/local_planner/CMakeLists.txt:1 (cmake_minimum_required):
  Compatibility with CMake < 3.5 will be removed from a future version of
  CMake.

  Update the VERSION argument <min> value or use a ...<max> suffix to tell
  CMake that the project does not need compatibility with older versions.


-- Using these message generators: gencpp;geneus;genlisp;gennodejs;genpy
CMake Warning (dev) at /usr/lib/x86_64-linux-gnu/cmake/pcl/PCLConfig.cmake:152 (find_package):
  Policy CMP0144 is not set: find_package uses upper-case <PACKAGENAME>_ROOT
  variables.  Run "cmake --help-policy CMP0144" for policy details.  Use the
  cmake_policy command to set the policy and suppress this warning.

  CMake variable EIGEN_ROOT is set to:

    /usr/include/eigen3

  For compatibility, find_package is ignoring the variable, but code in a
  .cmake module might still use it.
Call Stack (most recent call first):
  /usr/lib/x86_64-linux-gnu/cmake/pcl/PCLConfig.cmake:316 (find_eigen)
  /usr/lib/x86_64-linux-gnu/cmake/pcl/PCLConfig.cmake:551 (find_external_library)
  TGH-Planner/cmu_palnner/local_planner/CMakeLists.txt:17 (find_package)
This warning is for project developers.  Use -Wno-dev to suppress it.

-- Eigen found (include: /usr/include/eigen3, version: 3.3.7)
CMake Warning (dev) at /usr/lib/x86_64-linux-gnu/cmake/pcl/Modules/FindFLANN.cmake:44 (find_package):
  Policy CMP0144 is not set: find_package uses upper-case <PACKAGENAME>_ROOT
  variables.  Run "cmake --help-policy CMP0144" for policy details.  Use the
  cmake_policy command to set the policy and suppress this warning.

  CMake variable FLANN_ROOT is set to:

    /usr

  For compatibility, find_package is ignoring the variable, but code in a
  .cmake module might still use it.
Call Stack (most recent call first):
  /usr/lib/x86_64-linux-gnu/cmake/pcl/PCLConfig.cmake:263 (find_package)
  /usr/lib/x86_64-linux-gnu/cmake/pcl/PCLConfig.cmake:318 (find_flann)
  /usr/lib/x86_64-linux-gnu/cmake/pcl/PCLConfig.cmake:551 (find_external_library)
  TGH-Planner/cmu_palnner/local_planner/CMakeLists.txt:17 (find_package)
This warning is for project developers.  Use -Wno-dev to suppress it.

-- The imported target "vtkParseOGLExt" references the file
   "/usr/bin/vtkParseOGLExt-7.1"
but this file does not exist.  Possible reasons include:
* The file was deleted, renamed, or moved to another location.
* An install or uninstall procedure did not complete successfully.
* The installation package was faulty and contained
   "/usr/lib/cmake/vtk-7.1/VTKTargets.cmake"
but not all the files it references.

-- The imported target "vtkRenderingPythonTkWidgets" references the file
   "/usr/lib/x86_64-linux-gnu/libvtkRenderingPythonTkWidgets.so"
but this file does not exist.  Possible reasons include:
* The file was deleted, renamed, or moved to another location.
* An install or uninstall procedure did not complete successfully.
* The installation package was faulty and contained
   "/usr/lib/cmake/vtk-7.1/VTKTargets.cmake"
but not all the files it references.

-- The imported target "vtk" references the file
   "/usr/bin/vtk"
but this file does not exist.  Possible reasons include:
* The file was deleted, renamed, or moved to another location.
* An install or uninstall procedure did not complete successfully.
* The installation package was faulty and contained
   "/usr/lib/cmake/vtk-7.1/VTKTargets.cmake"
but not all the files it references.

-- The imported target "pvtk" references the file
   "/usr/bin/pvtk"
but this file does not exist.  Possible reasons include:
* The file was deleted, renamed, or moved to another location.
* An install or uninstall procedure did not complete successfully.
* The installation package was faulty and contained
   "/usr/lib/cmake/vtk-7.1/VTKTargets.cmake"
but not all the files it references.

CMake Warning (dev) at /usr/local/share/cmake-3.28/Modules/FindPackageHandleStandardArgs.cmake:438 (message):
  The package name passed to `find_package_handle_standard_args` (USB_10)
  does not match the name of the calling package (OpenNI).  This can lead to
  problems in calling code that expects `find_package` result variables
  (e.g., `_FOUND`) to follow a certain pattern.
Call Stack (most recent call first):
  /usr/lib/x86_64-linux-gnu/cmake/pcl/Modules/FindOpenNI.cmake:28 (find_package_handle_standard_args)
  /usr/lib/x86_64-linux-gnu/cmake/pcl/PCLConfig.cmake:179 (find_package)
  /usr/lib/x86_64-linux-gnu/cmake/pcl/PCLConfig.cmake:322 (find_openni)
  /usr/lib/x86_64-linux-gnu/cmake/pcl/PCLConfig.cmake:548 (find_external_library)
  TGH-Planner/cmu_palnner/local_planner/CMakeLists.txt:17 (find_package)
This warning is for project developers.  Use -Wno-dev to suppress it.

-- OpenNI found (include: /usr/include/ni, lib: /usr/lib/libOpenNI.so)
CMake Warning (dev) at /usr/local/share/cmake-3.28/Modules/FindPackageHandleStandardArgs.cmake:438 (message):
  The package name passed to `find_package_handle_standard_args` (USB_10)
  does not match the name of the calling package (OpenNI2).  This can lead to
  problems in calling code that expects `find_package` result variables
  (e.g., `_FOUND`) to follow a certain pattern.
Call Stack (most recent call first):
  /usr/lib/x86_64-linux-gnu/cmake/pcl/Modules/FindOpenNI2.cmake:28 (find_package_handle_standard_args)
  /usr/lib/x86_64-linux-gnu/cmake/pcl/PCLConfig.cmake:193 (find_package)
  /usr/lib/x86_64-linux-gnu/cmake/pcl/PCLConfig.cmake:324 (find_openni2)
  /usr/lib/x86_64-linux-gnu/cmake/pcl/PCLConfig.cmake:548 (find_external_library)
  TGH-Planner/cmu_palnner/local_planner/CMakeLists.txt:17 (find_package)
This warning is for project developers.  Use -Wno-dev to suppress it.

-- OpenNI2 found (include: /usr/include/openni2, lib: /usr/lib/libOpenNI2.so)
** WARNING ** io features related to pcap will be disabled
** WARNING ** io features related to png will be disabled
CMake Warning (dev) at /usr/local/share/cmake-3.28/Modules/FindPackageHandleStandardArgs.cmake:438 (message):
  The package name passed to `find_package_handle_standard_args` (libusb-1.0)
  does not match the name of the calling package (PCL).  This can lead to
  problems in calling code that expects `find_package` result variables
  (e.g., `_FOUND`) to follow a certain pattern.
Call Stack (most recent call first):
  /usr/lib/x86_64-linux-gnu/cmake/pcl/PCLConfig.cmake:291 (find_package_handle_standard_args)
  /usr/lib/x86_64-linux-gnu/cmake/pcl/PCLConfig.cmake:338 (find_libusb)
  /usr/lib/x86_64-linux-gnu/cmake/pcl/PCLConfig.cmake:548 (find_external_library)
  TGH-Planner/cmu_palnner/local_planner/CMakeLists.txt:17 (find_package)
This warning is for project developers.  Use -Wno-dev to suppress it.

** WARNING ** io features related to libusb-1.0 will be disabled
CMake Warning (dev) at /usr/local/share/cmake-3.28/Modules/FindPackageHandleStandardArgs.cmake:438 (message):
  The package name passed to `find_package_handle_standard_args` (USB_10)
  does not match the name of the calling package (OpenNI).  This can lead to
  problems in calling code that expects `find_package` result variables
  (e.g., `_FOUND`) to follow a certain pattern.
Call Stack (most recent call first):
  /usr/lib/x86_64-linux-gnu/cmake/pcl/Modules/FindOpenNI.cmake:28 (find_package_handle_standard_args)
  /usr/lib/x86_64-linux-gnu/cmake/pcl/PCLConfig.cmake:179 (find_package)
  /usr/lib/x86_64-linux-gnu/cmake/pcl/PCLConfig.cmake:322 (find_openni)
  /usr/lib/x86_64-linux-gnu/cmake/pcl/PCLConfig.cmake:548 (find_external_library)
  TGH-Planner/cmu_palnner/local_planner/CMakeLists.txt:17 (find_package)
This warning is for project developers.  Use -Wno-dev to suppress it.

-- OpenNI found (include: /usr/include/ni, lib: /usr/lib/libOpenNI.so)
CMake Warning (dev) at /usr/local/share/cmake-3.28/Modules/FindPackageHandleStandardArgs.cmake:438 (message):
  The package name passed to `find_package_handle_standard_args` (USB_10)
  does not match the name of the calling package (OpenNI2).  This can lead to
  problems in calling code that expects `find_package` result variables
  (e.g., `_FOUND`) to follow a certain pattern.
Call Stack (most recent call first):
  /usr/lib/x86_64-linux-gnu/cmake/pcl/Modules/FindOpenNI2.cmake:28 (find_package_handle_standard_args)
  /usr/lib/x86_64-linux-gnu/cmake/pcl/PCLConfig.cmake:193 (find_package)
  /usr/lib/x86_64-linux-gnu/cmake/pcl/PCLConfig.cmake:324 (find_openni2)
  /usr/lib/x86_64-linux-gnu/cmake/pcl/PCLConfig.cmake:548 (find_external_library)
  TGH-Planner/cmu_palnner/local_planner/CMakeLists.txt:17 (find_package)
This warning is for project developers.  Use -Wno-dev to suppress it.

-- OpenNI2 found (include: /usr/include/openni2, lib: /usr/lib/libOpenNI2.so)
CMake Warning (dev) at /usr/lib/x86_64-linux-gnu/cmake/pcl/PCLConfig.cmake:165 (find_package):
  Policy CMP0144 is not set: find_package uses upper-case <PACKAGENAME>_ROOT
  variables.  Run "cmake --help-policy CMP0144" for policy details.  Use the
  cmake_policy command to set the policy and suppress this warning.

  CMake variable QHULL_ROOT is set to:

    /usr

  For compatibility, find_package is ignoring the variable, but code in a
  .cmake module might still use it.
Call Stack (most recent call first):
  /usr/lib/x86_64-linux-gnu/cmake/pcl/PCLConfig.cmake:320 (find_qhull)
  /usr/lib/x86_64-linux-gnu/cmake/pcl/PCLConfig.cmake:548 (find_external_library)
  TGH-Planner/cmu_palnner/local_planner/CMakeLists.txt:17 (find_package)
This warning is for project developers.  Use -Wno-dev to suppress it.

-- Could NOT find Qhull (missing: QHULL_LIBRARIES QHULL_INCLUDE_DIRS) 
** WARNING ** surface features related to qhull will be disabled
CMake Warning (dev) at /usr/local/share/cmake-3.28/Modules/FindPackageHandleStandardArgs.cmake:438 (message):
  The package name passed to `find_package_handle_standard_args` (USB_10)
  does not match the name of the calling package (OpenNI).  This can lead to
  problems in calling code that expects `find_package` result variables
  (e.g., `_FOUND`) to follow a certain pattern.
Call Stack (most recent call first):
  /usr/lib/x86_64-linux-gnu/cmake/pcl/Modules/FindOpenNI.cmake:28 (find_package_handle_standard_args)
  /usr/lib/x86_64-linux-gnu/cmake/pcl/PCLConfig.cmake:179 (find_package)
  /usr/lib/x86_64-linux-gnu/cmake/pcl/PCLConfig.cmake:322 (find_openni)
  /usr/lib/x86_64-linux-gnu/cmake/pcl/PCLConfig.cmake:548 (find_external_library)
  TGH-Planner/cmu_palnner/local_planner/CMakeLists.txt:17 (find_package)
This warning is for project developers.  Use -Wno-dev to suppress it.

-- OpenNI found (include: /usr/include/ni, lib: /usr/lib/libOpenNI.so)
-- looking for PCL_COMMON
CMake Warning (dev) at /usr/local/share/cmake-3.28/Modules/FindPackageHandleStandardArgs.cmake:438 (message):
  The package name passed to `find_package_handle_standard_args` (PCL_COMMON)
  does not match the name of the calling package (PCL).  This can lead to
  problems in calling code that expects `find_package` result variables
  (e.g., `_FOUND`) to follow a certain pattern.
Call Stack (most recent call first):
  /usr/lib/x86_64-linux-gnu/cmake/pcl/PCLConfig.cmake:616 (find_package_handle_standard_args)
  TGH-Planner/cmu_palnner/local_planner/CMakeLists.txt:17 (find_package)
This warning is for project developers.  Use -Wno-dev to suppress it.

-- looking for PCL_KDTREE
CMake Warning (dev) at /usr/local/share/cmake-3.28/Modules/FindPackageHandleStandardArgs.cmake:438 (message):
  The package name passed to `find_package_handle_standard_args` (PCL_KDTREE)
  does not match the name of the calling package (PCL).  This can lead to
  problems in calling code that expects `find_package` result variables
  (e.g., `_FOUND`) to follow a certain pattern.
Call Stack (most recent call first):
  /usr/lib/x86_64-linux-gnu/cmake/pcl/PCLConfig.cmake:616 (find_package_handle_standard_args)
  TGH-Planner/cmu_palnner/local_planner/CMakeLists.txt:17 (find_package)
This warning is for project developers.  Use -Wno-dev to suppress it.

-- looking for PCL_OCTREE
CMake Warning (dev) at /usr/local/share/cmake-3.28/Modules/FindPackageHandleStandardArgs.cmake:438 (message):
  The package name passed to `find_package_handle_standard_args` (PCL_OCTREE)
  does not match the name of the calling package (PCL).  This can lead to
  problems in calling code that expects `find_package` result variables
  (e.g., `_FOUND`) to follow a certain pattern.
Call Stack (most recent call first):
  /usr/lib/x86_64-linux-gnu/cmake/pcl/PCLConfig.cmake:616 (find_package_handle_standard_args)
  TGH-Planner/cmu_palnner/local_planner/CMakeLists.txt:17 (find_package)
This warning is for project developers.  Use -Wno-dev to suppress it.

-- looking for PCL_SEARCH
CMake Warning (dev) at /usr/local/share/cmake-3.28/Modules/FindPackageHandleStandardArgs.cmake:438 (message):
  The package name passed to `find_package_handle_standard_args` (PCL_SEARCH)
  does not match the name of the calling package (PCL).  This can lead to
  problems in calling code that expects `find_package` result variables
  (e.g., `_FOUND`) to follow a certain pattern.
Call Stack (most recent call first):
  /usr/lib/x86_64-linux-gnu/cmake/pcl/PCLConfig.cmake:616 (find_package_handle_standard_args)
  TGH-Planner/cmu_palnner/local_planner/CMakeLists.txt:17 (find_package)
This warning is for project developers.  Use -Wno-dev to suppress it.

-- looking for PCL_SAMPLE_CONSENSUS
CMake Warning (dev) at /usr/local/share/cmake-3.28/Modules/FindPackageHandleStandardArgs.cmake:438 (message):
  The package name passed to `find_package_handle_standard_args`
  (PCL_SAMPLE_CONSENSUS) does not match the name of the calling package
  (PCL).  This can lead to problems in calling code that expects
  `find_package` result variables (e.g., `_FOUND`) to follow a certain
  pattern.
Call Stack (most recent call first):
  /usr/lib/x86_64-linux-gnu/cmake/pcl/PCLConfig.cmake:616 (find_package_handle_standard_args)
  TGH-Planner/cmu_palnner/local_planner/CMakeLists.txt:17 (find_package)
This warning is for project developers.  Use -Wno-dev to suppress it.

-- looking for PCL_FILTERS
CMake Warning (dev) at /usr/local/share/cmake-3.28/Modules/FindPackageHandleStandardArgs.cmake:438 (message):
  The package name passed to `find_package_handle_standard_args`
  (PCL_FILTERS) does not match the name of the calling package (PCL).  This
  can lead to problems in calling code that expects `find_package` result
  variables (e.g., `_FOUND`) to follow a certain pattern.
Call Stack (most recent call first):
  /usr/lib/x86_64-linux-gnu/cmake/pcl/PCLConfig.cmake:616 (find_package_handle_standard_args)
  TGH-Planner/cmu_palnner/local_planner/CMakeLists.txt:17 (find_package)
This warning is for project developers.  Use -Wno-dev to suppress it.

-- looking for PCL_2D
CMake Warning (dev) at /usr/local/share/cmake-3.28/Modules/FindPackageHandleStandardArgs.cmake:438 (message):
  The package name passed to `find_package_handle_standard_args` (PCL_2D)
  does not match the name of the calling package (PCL).  This can lead to
  problems in calling code that expects `find_package` result variables
  (e.g., `_FOUND`) to follow a certain pattern.
Call Stack (most recent call first):
  /usr/lib/x86_64-linux-gnu/cmake/pcl/PCLConfig.cmake:619 (find_package_handle_standard_args)
  TGH-Planner/cmu_palnner/local_planner/CMakeLists.txt:17 (find_package)
This warning is for project developers.  Use -Wno-dev to suppress it.

-- looking for PCL_GEOMETRY
CMake Warning (dev) at /usr/local/share/cmake-3.28/Modules/FindPackageHandleStandardArgs.cmake:438 (message):
  The package name passed to `find_package_handle_standard_args`
  (PCL_GEOMETRY) does not match the name of the calling package (PCL).  This
  can lead to problems in calling code that expects `find_package` result
  variables (e.g., `_FOUND`) to follow a certain pattern.
Call Stack (most recent call first):
  /usr/lib/x86_64-linux-gnu/cmake/pcl/PCLConfig.cmake:619 (find_package_handle_standard_args)
  TGH-Planner/cmu_palnner/local_planner/CMakeLists.txt:17 (find_package)
This warning is for project developers.  Use -Wno-dev to suppress it.

-- looking for PCL_IO
CMake Warning (dev) at /usr/local/share/cmake-3.28/Modules/FindPackageHandleStandardArgs.cmake:438 (message):
  The package name passed to `find_package_handle_standard_args` (PCL_IO)
  does not match the name of the calling package (PCL).  This can lead to
  problems in calling code that expects `find_package` result variables
  (e.g., `_FOUND`) to follow a certain pattern.
Call Stack (most recent call first):
  /usr/lib/x86_64-linux-gnu/cmake/pcl/PCLConfig.cmake:616 (find_package_handle_standard_args)
  TGH-Planner/cmu_palnner/local_planner/CMakeLists.txt:17 (find_package)
This warning is for project developers.  Use -Wno-dev to suppress it.

-- looking for PCL_FEATURES
CMake Warning (dev) at /usr/local/share/cmake-3.28/Modules/FindPackageHandleStandardArgs.cmake:438 (message):
  The package name passed to `find_package_handle_standard_args`
  (PCL_FEATURES) does not match the name of the calling package (PCL).  This
  can lead to problems in calling code that expects `find_package` result
  variables (e.g., `_FOUND`) to follow a certain pattern.
Call Stack (most recent call first):
  /usr/lib/x86_64-linux-gnu/cmake/pcl/PCLConfig.cmake:616 (find_package_handle_standard_args)
  TGH-Planner/cmu_palnner/local_planner/CMakeLists.txt:17 (find_package)
This warning is for project developers.  Use -Wno-dev to suppress it.

-- looking for PCL_ML
CMake Warning (dev) at /usr/local/share/cmake-3.28/Modules/FindPackageHandleStandardArgs.cmake:438 (message):
  The package name passed to `find_package_handle_standard_args` (PCL_ML)
  does not match the name of the calling package (PCL).  This can lead to
  problems in calling code that expects `find_package` result variables
  (e.g., `_FOUND`) to follow a certain pattern.
Call Stack (most recent call first):
  /usr/lib/x86_64-linux-gnu/cmake/pcl/PCLConfig.cmake:616 (find_package_handle_standard_args)
  TGH-Planner/cmu_palnner/local_planner/CMakeLists.txt:17 (find_package)
This warning is for project developers.  Use -Wno-dev to suppress it.

-- looking for PCL_SEGMENTATION
CMake Warning (dev) at /usr/local/share/cmake-3.28/Modules/FindPackageHandleStandardArgs.cmake:438 (message):
  The package name passed to `find_package_handle_standard_args`
  (PCL_SEGMENTATION) does not match the name of the calling package (PCL).
  This can lead to problems in calling code that expects `find_package`
  result variables (e.g., `_FOUND`) to follow a certain pattern.
Call Stack (most recent call first):
  /usr/lib/x86_64-linux-gnu/cmake/pcl/PCLConfig.cmake:616 (find_package_handle_standard_args)
  TGH-Planner/cmu_palnner/local_planner/CMakeLists.txt:17 (find_package)
This warning is for project developers.  Use -Wno-dev to suppress it.

-- looking for PCL_VISUALIZATION
CMake Warning (dev) at /usr/local/share/cmake-3.28/Modules/FindPackageHandleStandardArgs.cmake:438 (message):
  The package name passed to `find_package_handle_standard_args`
  (PCL_VISUALIZATION) does not match the name of the calling package (PCL).
  This can lead to problems in calling code that expects `find_package`
  result variables (e.g., `_FOUND`) to follow a certain pattern.
Call Stack (most recent call first):
  /usr/lib/x86_64-linux-gnu/cmake/pcl/PCLConfig.cmake:616 (find_package_handle_standard_args)
  TGH-Planner/cmu_palnner/local_planner/CMakeLists.txt:17 (find_package)
This warning is for project developers.  Use -Wno-dev to suppress it.

-- looking for PCL_SURFACE
CMake Warning (dev) at /usr/local/share/cmake-3.28/Modules/FindPackageHandleStandardArgs.cmake:438 (message):
  The package name passed to `find_package_handle_standard_args`
  (PCL_SURFACE) does not match the name of the calling package (PCL).  This
  can lead to problems in calling code that expects `find_package` result
  variables (e.g., `_FOUND`) to follow a certain pattern.
Call Stack (most recent call first):
  /usr/lib/x86_64-linux-gnu/cmake/pcl/PCLConfig.cmake:616 (find_package_handle_standard_args)
  TGH-Planner/cmu_palnner/local_planner/CMakeLists.txt:17 (find_package)
This warning is for project developers.  Use -Wno-dev to suppress it.

-- looking for PCL_REGISTRATION
CMake Warning (dev) at /usr/local/share/cmake-3.28/Modules/FindPackageHandleStandardArgs.cmake:438 (message):
  The package name passed to `find_package_handle_standard_args`
  (PCL_REGISTRATION) does not match the name of the calling package (PCL).
  This can lead to problems in calling code that expects `find_package`
  result variables (e.g., `_FOUND`) to follow a certain pattern.
Call Stack (most recent call first):
  /usr/lib/x86_64-linux-gnu/cmake/pcl/PCLConfig.cmake:616 (find_package_handle_standard_args)
  TGH-Planner/cmu_palnner/local_planner/CMakeLists.txt:17 (find_package)
This warning is for project developers.  Use -Wno-dev to suppress it.

-- looking for PCL_KEYPOINTS
CMake Warning (dev) at /usr/local/share/cmake-3.28/Modules/FindPackageHandleStandardArgs.cmake:438 (message):
  The package name passed to `find_package_handle_standard_args`
  (PCL_KEYPOINTS) does not match the name of the calling package (PCL).  This
  can lead to problems in calling code that expects `find_package` result
  variables (e.g., `_FOUND`) to follow a certain pattern.
Call Stack (most recent call first):
  /usr/lib/x86_64-linux-gnu/cmake/pcl/PCLConfig.cmake:616 (find_package_handle_standard_args)
  TGH-Planner/cmu_palnner/local_planner/CMakeLists.txt:17 (find_package)
This warning is for project developers.  Use -Wno-dev to suppress it.

-- looking for PCL_TRACKING
CMake Warning (dev) at /usr/local/share/cmake-3.28/Modules/FindPackageHandleStandardArgs.cmake:438 (message):
  The package name passed to `find_package_handle_standard_args`
  (PCL_TRACKING) does not match the name of the calling package (PCL).  This
  can lead to problems in calling code that expects `find_package` result
  variables (e.g., `_FOUND`) to follow a certain pattern.
Call Stack (most recent call first):
  /usr/lib/x86_64-linux-gnu/cmake/pcl/PCLConfig.cmake:616 (find_package_handle_standard_args)
  TGH-Planner/cmu_palnner/local_planner/CMakeLists.txt:17 (find_package)
This warning is for project developers.  Use -Wno-dev to suppress it.

-- looking for PCL_RECOGNITION
CMake Warning (dev) at /usr/local/share/cmake-3.28/Modules/FindPackageHandleStandardArgs.cmake:438 (message):
  The package name passed to `find_package_handle_standard_args`
  (PCL_RECOGNITION) does not match the name of the calling package (PCL).
  This can lead to problems in calling code that expects `find_package`
  result variables (e.g., `_FOUND`) to follow a certain pattern.
Call Stack (most recent call first):
  /usr/lib/x86_64-linux-gnu/cmake/pcl/PCLConfig.cmake:616 (find_package_handle_standard_args)
  TGH-Planner/cmu_palnner/local_planner/CMakeLists.txt:17 (find_package)
This warning is for project developers.  Use -Wno-dev to suppress it.

-- looking for PCL_STEREO
CMake Warning (dev) at /usr/local/share/cmake-3.28/Modules/FindPackageHandleStandardArgs.cmake:438 (message):
  The package name passed to `find_package_handle_standard_args` (PCL_STEREO)
  does not match the name of the calling package (PCL).  This can lead to
  problems in calling code that expects `find_package` result variables
  (e.g., `_FOUND`) to follow a certain pattern.
Call Stack (most recent call first):
  /usr/lib/x86_64-linux-gnu/cmake/pcl/PCLConfig.cmake:616 (find_package_handle_standard_args)
  TGH-Planner/cmu_palnner/local_planner/CMakeLists.txt:17 (find_package)
This warning is for project developers.  Use -Wno-dev to suppress it.

-- looking for PCL_APPS
CMake Warning (dev) at /usr/local/share/cmake-3.28/Modules/FindPackageHandleStandardArgs.cmake:438 (message):
  The package name passed to `find_package_handle_standard_args` (PCL_APPS)
  does not match the name of the calling package (PCL).  This can lead to
  problems in calling code that expects `find_package` result variables
  (e.g., `_FOUND`) to follow a certain pattern.
Call Stack (most recent call first):
  /usr/lib/x86_64-linux-gnu/cmake/pcl/PCLConfig.cmake:616 (find_package_handle_standard_args)
  TGH-Planner/cmu_palnner/local_planner/CMakeLists.txt:17 (find_package)
This warning is for project developers.  Use -Wno-dev to suppress it.

-- looking for PCL_IN_HAND_SCANNER
CMake Warning (dev) at /usr/local/share/cmake-3.28/Modules/FindPackageHandleStandardArgs.cmake:438 (message):
  The package name passed to `find_package_handle_standard_args`
  (PCL_IN_HAND_SCANNER) does not match the name of the calling package (PCL).
  This can lead to problems in calling code that expects `find_package`
  result variables (e.g., `_FOUND`) to follow a certain pattern.
Call Stack (most recent call first):
  /usr/lib/x86_64-linux-gnu/cmake/pcl/PCLConfig.cmake:619 (find_package_handle_standard_args)
  TGH-Planner/cmu_palnner/local_planner/CMakeLists.txt:17 (find_package)
This warning is for project developers.  Use -Wno-dev to suppress it.

-- looking for PCL_POINT_CLOUD_EDITOR
CMake Warning (dev) at /usr/local/share/cmake-3.28/Modules/FindPackageHandleStandardArgs.cmake:438 (message):
  The package name passed to `find_package_handle_standard_args`
  (PCL_POINT_CLOUD_EDITOR) does not match the name of the calling package
  (PCL).  This can lead to problems in calling code that expects
  `find_package` result variables (e.g., `_FOUND`) to follow a certain
  pattern.
Call Stack (most recent call first):
  /usr/lib/x86_64-linux-gnu/cmake/pcl/PCLConfig.cmake:619 (find_package_handle_standard_args)
  TGH-Planner/cmu_palnner/local_planner/CMakeLists.txt:17 (find_package)
This warning is for project developers.  Use -Wno-dev to suppress it.

-- looking for PCL_OUTOFCORE
CMake Warning (dev) at /usr/local/share/cmake-3.28/Modules/FindPackageHandleStandardArgs.cmake:438 (message):
  The package name passed to `find_package_handle_standard_args`
  (PCL_OUTOFCORE) does not match the name of the calling package (PCL).  This
  can lead to problems in calling code that expects `find_package` result
  variables (e.g., `_FOUND`) to follow a certain pattern.
Call Stack (most recent call first):
  /usr/lib/x86_64-linux-gnu/cmake/pcl/PCLConfig.cmake:616 (find_package_handle_standard_args)
  TGH-Planner/cmu_palnner/local_planner/CMakeLists.txt:17 (find_package)
This warning is for project developers.  Use -Wno-dev to suppress it.

-- looking for PCL_PEOPLE
CMake Warning (dev) at /usr/local/share/cmake-3.28/Modules/FindPackageHandleStandardArgs.cmake:438 (message):
  The package name passed to `find_package_handle_standard_args` (PCL_PEOPLE)
  does not match the name of the calling package (PCL).  This can lead to
  problems in calling code that expects `find_package` result variables
  (e.g., `_FOUND`) to follow a certain pattern.
Call Stack (most recent call first):
  /usr/lib/x86_64-linux-gnu/cmake/pcl/PCLConfig.cmake:616 (find_package_handle_standard_args)
  TGH-Planner/cmu_palnner/local_planner/CMakeLists.txt:17 (find_package)
This warning is for project developers.  Use -Wno-dev to suppress it.

-- +++ processing catkin package: 'save_map_point'
-- ==> add_subdirectory(TGH-Planner/Utils/save_map_point)
CMake Deprecation Warning at TGH-Planner/Utils/save_map_point/CMakeLists.txt:1 (cmake_minimum_required):
  Compatibility with CMake < 3.5 will be removed from a future version of
  CMake.

  Update the VERSION argument <min> value or use a ...<max> suffix to tell
  CMake that the project does not need compatibility with older versions.


-- Using these message generators: gencpp;geneus;genlisp;gennodejs;genpy
-- +++ processing catkin package: 'sensor_conversion'
-- ==> add_subdirectory(TGH-Planner/cmu_palnner/sensor_conversion)
CMake Deprecation Warning at TGH-Planner/cmu_palnner/sensor_conversion/CMakeLists.txt:1 (cmake_minimum_required):
  Compatibility with CMake < 3.5 will be removed from a future version of
  CMake.

  Update the VERSION argument <min> value or use a ...<max> suffix to tell
  CMake that the project does not need compatibility with older versions.


-- Using these message generators: gencpp;geneus;genlisp;gennodejs;genpy
-- +++ processing catkin package: 'terrain_analysis'
-- ==> add_subdirectory(TGH-Planner/cmu_palnner/terrain_analysis)
CMake Deprecation Warning at TGH-Planner/cmu_palnner/terrain_analysis/CMakeLists.txt:1 (cmake_minimum_required):
  Compatibility with CMake < 3.5 will be removed from a future version of
  CMake.

  Update the VERSION argument <min> value or use a ...<max> suffix to tell
  CMake that the project does not need compatibility with older versions.


-- Using these message generators: gencpp;geneus;genlisp;gennodejs;genpy
CMake Warning (dev) at /usr/lib/x86_64-linux-gnu/cmake/pcl/PCLConfig.cmake:152 (find_package):
  Policy CMP0144 is not set: find_package uses upper-case <PACKAGENAME>_ROOT
  variables.  Run "cmake --help-policy CMP0144" for policy details.  Use the
  cmake_policy command to set the policy and suppress this warning.

  CMake variable EIGEN_ROOT is set to:

    /usr/include/eigen3

  For compatibility, find_package is ignoring the variable, but code in a
  .cmake module might still use it.
Call Stack (most recent call first):
  /usr/lib/x86_64-linux-gnu/cmake/pcl/PCLConfig.cmake:316 (find_eigen)
  /usr/lib/x86_64-linux-gnu/cmake/pcl/PCLConfig.cmake:551 (find_external_library)
  TGH-Planner/cmu_palnner/terrain_analysis/CMakeLists.txt:18 (find_package)
This warning is for project developers.  Use -Wno-dev to suppress it.

-- Eigen found (include: /usr/include/eigen3, version: 3.3.7)
CMake Warning (dev) at /usr/lib/x86_64-linux-gnu/cmake/pcl/Modules/FindFLANN.cmake:44 (find_package):
  Policy CMP0144 is not set: find_package uses upper-case <PACKAGENAME>_ROOT
  variables.  Run "cmake --help-policy CMP0144" for policy details.  Use the
  cmake_policy command to set the policy and suppress this warning.

  CMake variable FLANN_ROOT is set to:

    /usr

  For compatibility, find_package is ignoring the variable, but code in a
  .cmake module might still use it.
Call Stack (most recent call first):
  /usr/lib/x86_64-linux-gnu/cmake/pcl/PCLConfig.cmake:263 (find_package)
  /usr/lib/x86_64-linux-gnu/cmake/pcl/PCLConfig.cmake:318 (find_flann)
  /usr/lib/x86_64-linux-gnu/cmake/pcl/PCLConfig.cmake:551 (find_external_library)
  TGH-Planner/cmu_palnner/terrain_analysis/CMakeLists.txt:18 (find_package)
This warning is for project developers.  Use -Wno-dev to suppress it.

-- The imported target "vtkParseOGLExt" references the file
   "/usr/bin/vtkParseOGLExt-7.1"
but this file does not exist.  Possible reasons include:
* The file was deleted, renamed, or moved to another location.
* An install or uninstall procedure did not complete successfully.
* The installation package was faulty and contained
   "/usr/lib/cmake/vtk-7.1/VTKTargets.cmake"
but not all the files it references.

-- The imported target "vtkRenderingPythonTkWidgets" references the file
   "/usr/lib/x86_64-linux-gnu/libvtkRenderingPythonTkWidgets.so"
but this file does not exist.  Possible reasons include:
* The file was deleted, renamed, or moved to another location.
* An install or uninstall procedure did not complete successfully.
* The installation package was faulty and contained
   "/usr/lib/cmake/vtk-7.1/VTKTargets.cmake"
but not all the files it references.

-- The imported target "vtk" references the file
   "/usr/bin/vtk"
but this file does not exist.  Possible reasons include:
* The file was deleted, renamed, or moved to another location.
* An install or uninstall procedure did not complete successfully.
* The installation package was faulty and contained
   "/usr/lib/cmake/vtk-7.1/VTKTargets.cmake"
but not all the files it references.

-- The imported target "pvtk" references the file
   "/usr/bin/pvtk"
but this file does not exist.  Possible reasons include:
* The file was deleted, renamed, or moved to another location.
* An install or uninstall procedure did not complete successfully.
* The installation package was faulty and contained
   "/usr/lib/cmake/vtk-7.1/VTKTargets.cmake"
but not all the files it references.

CMake Warning (dev) at /usr/local/share/cmake-3.28/Modules/FindPackageHandleStandardArgs.cmake:438 (message):
  The package name passed to `find_package_handle_standard_args` (USB_10)
  does not match the name of the calling package (OpenNI).  This can lead to
  problems in calling code that expects `find_package` result variables
  (e.g., `_FOUND`) to follow a certain pattern.
Call Stack (most recent call first):
  /usr/lib/x86_64-linux-gnu/cmake/pcl/Modules/FindOpenNI.cmake:28 (find_package_handle_standard_args)
  /usr/lib/x86_64-linux-gnu/cmake/pcl/PCLConfig.cmake:179 (find_package)
  /usr/lib/x86_64-linux-gnu/cmake/pcl/PCLConfig.cmake:322 (find_openni)
  /usr/lib/x86_64-linux-gnu/cmake/pcl/PCLConfig.cmake:548 (find_external_library)
  TGH-Planner/cmu_palnner/terrain_analysis/CMakeLists.txt:18 (find_package)
This warning is for project developers.  Use -Wno-dev to suppress it.

-- OpenNI found (include: /usr/include/ni, lib: /usr/lib/libOpenNI.so)
CMake Warning (dev) at /usr/local/share/cmake-3.28/Modules/FindPackageHandleStandardArgs.cmake:438 (message):
  The package name passed to `find_package_handle_standard_args` (USB_10)
  does not match the name of the calling package (OpenNI2).  This can lead to
  problems in calling code that expects `find_package` result variables
  (e.g., `_FOUND`) to follow a certain pattern.
Call Stack (most recent call first):
  /usr/lib/x86_64-linux-gnu/cmake/pcl/Modules/FindOpenNI2.cmake:28 (find_package_handle_standard_args)
  /usr/lib/x86_64-linux-gnu/cmake/pcl/PCLConfig.cmake:193 (find_package)
  /usr/lib/x86_64-linux-gnu/cmake/pcl/PCLConfig.cmake:324 (find_openni2)
  /usr/lib/x86_64-linux-gnu/cmake/pcl/PCLConfig.cmake:548 (find_external_library)
  TGH-Planner/cmu_palnner/terrain_analysis/CMakeLists.txt:18 (find_package)
This warning is for project developers.  Use -Wno-dev to suppress it.

-- OpenNI2 found (include: /usr/include/openni2, lib: /usr/lib/libOpenNI2.so)
** WARNING ** io features related to pcap will be disabled
** WARNING ** io features related to png will be disabled
CMake Warning (dev) at /usr/local/share/cmake-3.28/Modules/FindPackageHandleStandardArgs.cmake:438 (message):
  The package name passed to `find_package_handle_standard_args` (libusb-1.0)
  does not match the name of the calling package (PCL).  This can lead to
  problems in calling code that expects `find_package` result variables
  (e.g., `_FOUND`) to follow a certain pattern.
Call Stack (most recent call first):
  /usr/lib/x86_64-linux-gnu/cmake/pcl/PCLConfig.cmake:291 (find_package_handle_standard_args)
  /usr/lib/x86_64-linux-gnu/cmake/pcl/PCLConfig.cmake:338 (find_libusb)
  /usr/lib/x86_64-linux-gnu/cmake/pcl/PCLConfig.cmake:548 (find_external_library)
  TGH-Planner/cmu_palnner/terrain_analysis/CMakeLists.txt:18 (find_package)
This warning is for project developers.  Use -Wno-dev to suppress it.

** WARNING ** io features related to libusb-1.0 will be disabled
CMake Warning (dev) at /usr/local/share/cmake-3.28/Modules/FindPackageHandleStandardArgs.cmake:438 (message):
  The package name passed to `find_package_handle_standard_args` (USB_10)
  does not match the name of the calling package (OpenNI).  This can lead to
  problems in calling code that expects `find_package` result variables
  (e.g., `_FOUND`) to follow a certain pattern.
Call Stack (most recent call first):
  /usr/lib/x86_64-linux-gnu/cmake/pcl/Modules/FindOpenNI.cmake:28 (find_package_handle_standard_args)
  /usr/lib/x86_64-linux-gnu/cmake/pcl/PCLConfig.cmake:179 (find_package)
  /usr/lib/x86_64-linux-gnu/cmake/pcl/PCLConfig.cmake:322 (find_openni)
  /usr/lib/x86_64-linux-gnu/cmake/pcl/PCLConfig.cmake:548 (find_external_library)
  TGH-Planner/cmu_palnner/terrain_analysis/CMakeLists.txt:18 (find_package)
This warning is for project developers.  Use -Wno-dev to suppress it.

-- OpenNI found (include: /usr/include/ni, lib: /usr/lib/libOpenNI.so)
CMake Warning (dev) at /usr/local/share/cmake-3.28/Modules/FindPackageHandleStandardArgs.cmake:438 (message):
  The package name passed to `find_package_handle_standard_args` (USB_10)
  does not match the name of the calling package (OpenNI2).  This can lead to
  problems in calling code that expects `find_package` result variables
  (e.g., `_FOUND`) to follow a certain pattern.
Call Stack (most recent call first):
  /usr/lib/x86_64-linux-gnu/cmake/pcl/Modules/FindOpenNI2.cmake:28 (find_package_handle_standard_args)
  /usr/lib/x86_64-linux-gnu/cmake/pcl/PCLConfig.cmake:193 (find_package)
  /usr/lib/x86_64-linux-gnu/cmake/pcl/PCLConfig.cmake:324 (find_openni2)
  /usr/lib/x86_64-linux-gnu/cmake/pcl/PCLConfig.cmake:548 (find_external_library)
  TGH-Planner/cmu_palnner/terrain_analysis/CMakeLists.txt:18 (find_package)
This warning is for project developers.  Use -Wno-dev to suppress it.

-- OpenNI2 found (include: /usr/include/openni2, lib: /usr/lib/libOpenNI2.so)
CMake Warning (dev) at /usr/lib/x86_64-linux-gnu/cmake/pcl/PCLConfig.cmake:165 (find_package):
  Policy CMP0144 is not set: find_package uses upper-case <PACKAGENAME>_ROOT
  variables.  Run "cmake --help-policy CMP0144" for policy details.  Use the
  cmake_policy command to set the policy and suppress this warning.

  CMake variable QHULL_ROOT is set to:

    /usr

  For compatibility, find_package is ignoring the variable, but code in a
  .cmake module might still use it.
Call Stack (most recent call first):
  /usr/lib/x86_64-linux-gnu/cmake/pcl/PCLConfig.cmake:320 (find_qhull)
  /usr/lib/x86_64-linux-gnu/cmake/pcl/PCLConfig.cmake:548 (find_external_library)
  TGH-Planner/cmu_palnner/terrain_analysis/CMakeLists.txt:18 (find_package)
This warning is for project developers.  Use -Wno-dev to suppress it.

-- Could NOT find Qhull (missing: QHULL_LIBRARIES QHULL_INCLUDE_DIRS) 
** WARNING ** surface features related to qhull will be disabled
CMake Warning (dev) at /usr/local/share/cmake-3.28/Modules/FindPackageHandleStandardArgs.cmake:438 (message):
  The package name passed to `find_package_handle_standard_args` (USB_10)
  does not match the name of the calling package (OpenNI).  This can lead to
  problems in calling code that expects `find_package` result variables
  (e.g., `_FOUND`) to follow a certain pattern.
Call Stack (most recent call first):
  /usr/lib/x86_64-linux-gnu/cmake/pcl/Modules/FindOpenNI.cmake:28 (find_package_handle_standard_args)
  /usr/lib/x86_64-linux-gnu/cmake/pcl/PCLConfig.cmake:179 (find_package)
  /usr/lib/x86_64-linux-gnu/cmake/pcl/PCLConfig.cmake:322 (find_openni)
  /usr/lib/x86_64-linux-gnu/cmake/pcl/PCLConfig.cmake:548 (find_external_library)
  TGH-Planner/cmu_palnner/terrain_analysis/CMakeLists.txt:18 (find_package)
This warning is for project developers.  Use -Wno-dev to suppress it.

-- OpenNI found (include: /usr/include/ni, lib: /usr/lib/libOpenNI.so)
-- looking for PCL_COMMON
CMake Warning (dev) at /usr/local/share/cmake-3.28/Modules/FindPackageHandleStandardArgs.cmake:438 (message):
  The package name passed to `find_package_handle_standard_args` (PCL_COMMON)
  does not match the name of the calling package (PCL).  This can lead to
  problems in calling code that expects `find_package` result variables
  (e.g., `_FOUND`) to follow a certain pattern.
Call Stack (most recent call first):
  /usr/lib/x86_64-linux-gnu/cmake/pcl/PCLConfig.cmake:616 (find_package_handle_standard_args)
  TGH-Planner/cmu_palnner/terrain_analysis/CMakeLists.txt:18 (find_package)
This warning is for project developers.  Use -Wno-dev to suppress it.

-- looking for PCL_KDTREE
CMake Warning (dev) at /usr/local/share/cmake-3.28/Modules/FindPackageHandleStandardArgs.cmake:438 (message):
  The package name passed to `find_package_handle_standard_args` (PCL_KDTREE)
  does not match the name of the calling package (PCL).  This can lead to
  problems in calling code that expects `find_package` result variables
  (e.g., `_FOUND`) to follow a certain pattern.
Call Stack (most recent call first):
  /usr/lib/x86_64-linux-gnu/cmake/pcl/PCLConfig.cmake:616 (find_package_handle_standard_args)
  TGH-Planner/cmu_palnner/terrain_analysis/CMakeLists.txt:18 (find_package)
This warning is for project developers.  Use -Wno-dev to suppress it.

-- looking for PCL_OCTREE
CMake Warning (dev) at /usr/local/share/cmake-3.28/Modules/FindPackageHandleStandardArgs.cmake:438 (message):
  The package name passed to `find_package_handle_standard_args` (PCL_OCTREE)
  does not match the name of the calling package (PCL).  This can lead to
  problems in calling code that expects `find_package` result variables
  (e.g., `_FOUND`) to follow a certain pattern.
Call Stack (most recent call first):
  /usr/lib/x86_64-linux-gnu/cmake/pcl/PCLConfig.cmake:616 (find_package_handle_standard_args)
  TGH-Planner/cmu_palnner/terrain_analysis/CMakeLists.txt:18 (find_package)
This warning is for project developers.  Use -Wno-dev to suppress it.

-- looking for PCL_SEARCH
CMake Warning (dev) at /usr/local/share/cmake-3.28/Modules/FindPackageHandleStandardArgs.cmake:438 (message):
  The package name passed to `find_package_handle_standard_args` (PCL_SEARCH)
  does not match the name of the calling package (PCL).  This can lead to
  problems in calling code that expects `find_package` result variables
  (e.g., `_FOUND`) to follow a certain pattern.
Call Stack (most recent call first):
  /usr/lib/x86_64-linux-gnu/cmake/pcl/PCLConfig.cmake:616 (find_package_handle_standard_args)
  TGH-Planner/cmu_palnner/terrain_analysis/CMakeLists.txt:18 (find_package)
This warning is for project developers.  Use -Wno-dev to suppress it.

-- looking for PCL_SAMPLE_CONSENSUS
CMake Warning (dev) at /usr/local/share/cmake-3.28/Modules/FindPackageHandleStandardArgs.cmake:438 (message):
  The package name passed to `find_package_handle_standard_args`
  (PCL_SAMPLE_CONSENSUS) does not match the name of the calling package
  (PCL).  This can lead to problems in calling code that expects
  `find_package` result variables (e.g., `_FOUND`) to follow a certain
  pattern.
Call Stack (most recent call first):
  /usr/lib/x86_64-linux-gnu/cmake/pcl/PCLConfig.cmake:616 (find_package_handle_standard_args)
  TGH-Planner/cmu_palnner/terrain_analysis/CMakeLists.txt:18 (find_package)
This warning is for project developers.  Use -Wno-dev to suppress it.

-- looking for PCL_FILTERS
CMake Warning (dev) at /usr/local/share/cmake-3.28/Modules/FindPackageHandleStandardArgs.cmake:438 (message):
  The package name passed to `find_package_handle_standard_args`
  (PCL_FILTERS) does not match the name of the calling package (PCL).  This
  can lead to problems in calling code that expects `find_package` result
  variables (e.g., `_FOUND`) to follow a certain pattern.
Call Stack (most recent call first):
  /usr/lib/x86_64-linux-gnu/cmake/pcl/PCLConfig.cmake:616 (find_package_handle_standard_args)
  TGH-Planner/cmu_palnner/terrain_analysis/CMakeLists.txt:18 (find_package)
This warning is for project developers.  Use -Wno-dev to suppress it.

-- looking for PCL_2D
CMake Warning (dev) at /usr/local/share/cmake-3.28/Modules/FindPackageHandleStandardArgs.cmake:438 (message):
  The package name passed to `find_package_handle_standard_args` (PCL_2D)
  does not match the name of the calling package (PCL).  This can lead to
  problems in calling code that expects `find_package` result variables
  (e.g., `_FOUND`) to follow a certain pattern.
Call Stack (most recent call first):
  /usr/lib/x86_64-linux-gnu/cmake/pcl/PCLConfig.cmake:619 (find_package_handle_standard_args)
  TGH-Planner/cmu_palnner/terrain_analysis/CMakeLists.txt:18 (find_package)
This warning is for project developers.  Use -Wno-dev to suppress it.

-- looking for PCL_GEOMETRY
CMake Warning (dev) at /usr/local/share/cmake-3.28/Modules/FindPackageHandleStandardArgs.cmake:438 (message):
  The package name passed to `find_package_handle_standard_args`
  (PCL_GEOMETRY) does not match the name of the calling package (PCL).  This
  can lead to problems in calling code that expects `find_package` result
  variables (e.g., `_FOUND`) to follow a certain pattern.
Call Stack (most recent call first):
  /usr/lib/x86_64-linux-gnu/cmake/pcl/PCLConfig.cmake:619 (find_package_handle_standard_args)
  TGH-Planner/cmu_palnner/terrain_analysis/CMakeLists.txt:18 (find_package)
This warning is for project developers.  Use -Wno-dev to suppress it.

-- looking for PCL_IO
CMake Warning (dev) at /usr/local/share/cmake-3.28/Modules/FindPackageHandleStandardArgs.cmake:438 (message):
  The package name passed to `find_package_handle_standard_args` (PCL_IO)
  does not match the name of the calling package (PCL).  This can lead to
  problems in calling code that expects `find_package` result variables
  (e.g., `_FOUND`) to follow a certain pattern.
Call Stack (most recent call first):
  /usr/lib/x86_64-linux-gnu/cmake/pcl/PCLConfig.cmake:616 (find_package_handle_standard_args)
  TGH-Planner/cmu_palnner/terrain_analysis/CMakeLists.txt:18 (find_package)
This warning is for project developers.  Use -Wno-dev to suppress it.

-- looking for PCL_FEATURES
CMake Warning (dev) at /usr/local/share/cmake-3.28/Modules/FindPackageHandleStandardArgs.cmake:438 (message):
  The package name passed to `find_package_handle_standard_args`
  (PCL_FEATURES) does not match the name of the calling package (PCL).  This
  can lead to problems in calling code that expects `find_package` result
  variables (e.g., `_FOUND`) to follow a certain pattern.
Call Stack (most recent call first):
  /usr/lib/x86_64-linux-gnu/cmake/pcl/PCLConfig.cmake:616 (find_package_handle_standard_args)
  TGH-Planner/cmu_palnner/terrain_analysis/CMakeLists.txt:18 (find_package)
This warning is for project developers.  Use -Wno-dev to suppress it.

-- looking for PCL_ML
CMake Warning (dev) at /usr/local/share/cmake-3.28/Modules/FindPackageHandleStandardArgs.cmake:438 (message):
  The package name passed to `find_package_handle_standard_args` (PCL_ML)
  does not match the name of the calling package (PCL).  This can lead to
  problems in calling code that expects `find_package` result variables
  (e.g., `_FOUND`) to follow a certain pattern.
Call Stack (most recent call first):
  /usr/lib/x86_64-linux-gnu/cmake/pcl/PCLConfig.cmake:616 (find_package_handle_standard_args)
  TGH-Planner/cmu_palnner/terrain_analysis/CMakeLists.txt:18 (find_package)
This warning is for project developers.  Use -Wno-dev to suppress it.

-- looking for PCL_SEGMENTATION
CMake Warning (dev) at /usr/local/share/cmake-3.28/Modules/FindPackageHandleStandardArgs.cmake:438 (message):
  The package name passed to `find_package_handle_standard_args`
  (PCL_SEGMENTATION) does not match the name of the calling package (PCL).
  This can lead to problems in calling code that expects `find_package`
  result variables (e.g., `_FOUND`) to follow a certain pattern.
Call Stack (most recent call first):
  /usr/lib/x86_64-linux-gnu/cmake/pcl/PCLConfig.cmake:616 (find_package_handle_standard_args)
  TGH-Planner/cmu_palnner/terrain_analysis/CMakeLists.txt:18 (find_package)
This warning is for project developers.  Use -Wno-dev to suppress it.

-- looking for PCL_VISUALIZATION
CMake Warning (dev) at /usr/local/share/cmake-3.28/Modules/FindPackageHandleStandardArgs.cmake:438 (message):
  The package name passed to `find_package_handle_standard_args`
  (PCL_VISUALIZATION) does not match the name of the calling package (PCL).
  This can lead to problems in calling code that expects `find_package`
  result variables (e.g., `_FOUND`) to follow a certain pattern.
Call Stack (most recent call first):
  /usr/lib/x86_64-linux-gnu/cmake/pcl/PCLConfig.cmake:616 (find_package_handle_standard_args)
  TGH-Planner/cmu_palnner/terrain_analysis/CMakeLists.txt:18 (find_package)
This warning is for project developers.  Use -Wno-dev to suppress it.

-- looking for PCL_SURFACE
CMake Warning (dev) at /usr/local/share/cmake-3.28/Modules/FindPackageHandleStandardArgs.cmake:438 (message):
  The package name passed to `find_package_handle_standard_args`
  (PCL_SURFACE) does not match the name of the calling package (PCL).  This
  can lead to problems in calling code that expects `find_package` result
  variables (e.g., `_FOUND`) to follow a certain pattern.
Call Stack (most recent call first):
  /usr/lib/x86_64-linux-gnu/cmake/pcl/PCLConfig.cmake:616 (find_package_handle_standard_args)
  TGH-Planner/cmu_palnner/terrain_analysis/CMakeLists.txt:18 (find_package)
This warning is for project developers.  Use -Wno-dev to suppress it.

-- looking for PCL_REGISTRATION
CMake Warning (dev) at /usr/local/share/cmake-3.28/Modules/FindPackageHandleStandardArgs.cmake:438 (message):
  The package name passed to `find_package_handle_standard_args`
  (PCL_REGISTRATION) does not match the name of the calling package (PCL).
  This can lead to problems in calling code that expects `find_package`
  result variables (e.g., `_FOUND`) to follow a certain pattern.
Call Stack (most recent call first):
  /usr/lib/x86_64-linux-gnu/cmake/pcl/PCLConfig.cmake:616 (find_package_handle_standard_args)
  TGH-Planner/cmu_palnner/terrain_analysis/CMakeLists.txt:18 (find_package)
This warning is for project developers.  Use -Wno-dev to suppress it.

-- looking for PCL_KEYPOINTS
CMake Warning (dev) at /usr/local/share/cmake-3.28/Modules/FindPackageHandleStandardArgs.cmake:438 (message):
  The package name passed to `find_package_handle_standard_args`
  (PCL_KEYPOINTS) does not match the name of the calling package (PCL).  This
  can lead to problems in calling code that expects `find_package` result
  variables (e.g., `_FOUND`) to follow a certain pattern.
Call Stack (most recent call first):
  /usr/lib/x86_64-linux-gnu/cmake/pcl/PCLConfig.cmake:616 (find_package_handle_standard_args)
  TGH-Planner/cmu_palnner/terrain_analysis/CMakeLists.txt:18 (find_package)
This warning is for project developers.  Use -Wno-dev to suppress it.

-- looking for PCL_TRACKING
CMake Warning (dev) at /usr/local/share/cmake-3.28/Modules/FindPackageHandleStandardArgs.cmake:438 (message):
  The package name passed to `find_package_handle_standard_args`
  (PCL_TRACKING) does not match the name of the calling package (PCL).  This
  can lead to problems in calling code that expects `find_package` result
  variables (e.g., `_FOUND`) to follow a certain pattern.
Call Stack (most recent call first):
  /usr/lib/x86_64-linux-gnu/cmake/pcl/PCLConfig.cmake:616 (find_package_handle_standard_args)
  TGH-Planner/cmu_palnner/terrain_analysis/CMakeLists.txt:18 (find_package)
This warning is for project developers.  Use -Wno-dev to suppress it.

-- looking for PCL_RECOGNITION
CMake Warning (dev) at /usr/local/share/cmake-3.28/Modules/FindPackageHandleStandardArgs.cmake:438 (message):
  The package name passed to `find_package_handle_standard_args`
  (PCL_RECOGNITION) does not match the name of the calling package (PCL).
  This can lead to problems in calling code that expects `find_package`
  result variables (e.g., `_FOUND`) to follow a certain pattern.
Call Stack (most recent call first):
  /usr/lib/x86_64-linux-gnu/cmake/pcl/PCLConfig.cmake:616 (find_package_handle_standard_args)
  TGH-Planner/cmu_palnner/terrain_analysis/CMakeLists.txt:18 (find_package)
This warning is for project developers.  Use -Wno-dev to suppress it.

-- looking for PCL_STEREO
CMake Warning (dev) at /usr/local/share/cmake-3.28/Modules/FindPackageHandleStandardArgs.cmake:438 (message):
  The package name passed to `find_package_handle_standard_args` (PCL_STEREO)
  does not match the name of the calling package (PCL).  This can lead to
  problems in calling code that expects `find_package` result variables
  (e.g., `_FOUND`) to follow a certain pattern.
Call Stack (most recent call first):
  /usr/lib/x86_64-linux-gnu/cmake/pcl/PCLConfig.cmake:616 (find_package_handle_standard_args)
  TGH-Planner/cmu_palnner/terrain_analysis/CMakeLists.txt:18 (find_package)
This warning is for project developers.  Use -Wno-dev to suppress it.

-- looking for PCL_APPS
CMake Warning (dev) at /usr/local/share/cmake-3.28/Modules/FindPackageHandleStandardArgs.cmake:438 (message):
  The package name passed to `find_package_handle_standard_args` (PCL_APPS)
  does not match the name of the calling package (PCL).  This can lead to
  problems in calling code that expects `find_package` result variables
  (e.g., `_FOUND`) to follow a certain pattern.
Call Stack (most recent call first):
  /usr/lib/x86_64-linux-gnu/cmake/pcl/PCLConfig.cmake:616 (find_package_handle_standard_args)
  TGH-Planner/cmu_palnner/terrain_analysis/CMakeLists.txt:18 (find_package)
This warning is for project developers.  Use -Wno-dev to suppress it.

-- looking for PCL_IN_HAND_SCANNER
CMake Warning (dev) at /usr/local/share/cmake-3.28/Modules/FindPackageHandleStandardArgs.cmake:438 (message):
  The package name passed to `find_package_handle_standard_args`
  (PCL_IN_HAND_SCANNER) does not match the name of the calling package (PCL).
  This can lead to problems in calling code that expects `find_package`
  result variables (e.g., `_FOUND`) to follow a certain pattern.
Call Stack (most recent call first):
  /usr/lib/x86_64-linux-gnu/cmake/pcl/PCLConfig.cmake:619 (find_package_handle_standard_args)
  TGH-Planner/cmu_palnner/terrain_analysis/CMakeLists.txt:18 (find_package)
This warning is for project developers.  Use -Wno-dev to suppress it.

-- looking for PCL_POINT_CLOUD_EDITOR
CMake Warning (dev) at /usr/local/share/cmake-3.28/Modules/FindPackageHandleStandardArgs.cmake:438 (message):
  The package name passed to `find_package_handle_standard_args`
  (PCL_POINT_CLOUD_EDITOR) does not match the name of the calling package
  (PCL).  This can lead to problems in calling code that expects
  `find_package` result variables (e.g., `_FOUND`) to follow a certain
  pattern.
Call Stack (most recent call first):
  /usr/lib/x86_64-linux-gnu/cmake/pcl/PCLConfig.cmake:619 (find_package_handle_standard_args)
  TGH-Planner/cmu_palnner/terrain_analysis/CMakeLists.txt:18 (find_package)
This warning is for project developers.  Use -Wno-dev to suppress it.

-- looking for PCL_OUTOFCORE
CMake Warning (dev) at /usr/local/share/cmake-3.28/Modules/FindPackageHandleStandardArgs.cmake:438 (message):
  The package name passed to `find_package_handle_standard_args`
  (PCL_OUTOFCORE) does not match the name of the calling package (PCL).  This
  can lead to problems in calling code that expects `find_package` result
  variables (e.g., `_FOUND`) to follow a certain pattern.
Call Stack (most recent call first):
  /usr/lib/x86_64-linux-gnu/cmake/pcl/PCLConfig.cmake:616 (find_package_handle_standard_args)
  TGH-Planner/cmu_palnner/terrain_analysis/CMakeLists.txt:18 (find_package)
This warning is for project developers.  Use -Wno-dev to suppress it.

-- looking for PCL_PEOPLE
CMake Warning (dev) at /usr/local/share/cmake-3.28/Modules/FindPackageHandleStandardArgs.cmake:438 (message):
  The package name passed to `find_package_handle_standard_args` (PCL_PEOPLE)
  does not match the name of the calling package (PCL).  This can lead to
  problems in calling code that expects `find_package` result variables
  (e.g., `_FOUND`) to follow a certain pattern.
Call Stack (most recent call first):
  /usr/lib/x86_64-linux-gnu/cmake/pcl/PCLConfig.cmake:616 (find_package_handle_standard_args)
  TGH-Planner/cmu_palnner/terrain_analysis/CMakeLists.txt:18 (find_package)
This warning is for project developers.  Use -Wno-dev to suppress it.

-- +++ processing catkin package: 'dynavoro'
-- ==> add_subdirectory(TGH-Planner/dynamicvoronoi)
-- Using these message generators: gencpp;geneus;genlisp;gennodejs;genpy
CMake Warning (dev) at /usr/lib/x86_64-linux-gnu/cmake/pcl/PCLConfig.cmake:152 (find_package):
  Policy CMP0144 is not set: find_package uses upper-case <PACKAGENAME>_ROOT
  variables.  Run "cmake --help-policy CMP0144" for policy details.  Use the
  cmake_policy command to set the policy and suppress this warning.

  CMake variable EIGEN_ROOT is set to:

    /usr/include/eigen3

  For compatibility, find_package is ignoring the variable, but code in a
  .cmake module might still use it.
Call Stack (most recent call first):
  /usr/lib/x86_64-linux-gnu/cmake/pcl/PCLConfig.cmake:316 (find_eigen)
  /usr/lib/x86_64-linux-gnu/cmake/pcl/PCLConfig.cmake:551 (find_external_library)
  TGH-Planner/dynamicvoronoi/CMakeLists.txt:40 (find_package)
This warning is for project developers.  Use -Wno-dev to suppress it.

-- Eigen found (include: /usr/include/eigen3, version: 3.3.7)
CMake Warning (dev) at /usr/lib/x86_64-linux-gnu/cmake/pcl/Modules/FindFLANN.cmake:44 (find_package):
  Policy CMP0144 is not set: find_package uses upper-case <PACKAGENAME>_ROOT
  variables.  Run "cmake --help-policy CMP0144" for policy details.  Use the
  cmake_policy command to set the policy and suppress this warning.

  CMake variable FLANN_ROOT is set to:

    /usr

  For compatibility, find_package is ignoring the variable, but code in a
  .cmake module might still use it.
Call Stack (most recent call first):
  /usr/lib/x86_64-linux-gnu/cmake/pcl/PCLConfig.cmake:263 (find_package)
  /usr/lib/x86_64-linux-gnu/cmake/pcl/PCLConfig.cmake:318 (find_flann)
  /usr/lib/x86_64-linux-gnu/cmake/pcl/PCLConfig.cmake:551 (find_external_library)
  TGH-Planner/dynamicvoronoi/CMakeLists.txt:40 (find_package)
This warning is for project developers.  Use -Wno-dev to suppress it.

-- The imported target "vtkParseOGLExt" references the file
   "/usr/bin/vtkParseOGLExt-7.1"
but this file does not exist.  Possible reasons include:
* The file was deleted, renamed, or moved to another location.
* An install or uninstall procedure did not complete successfully.
* The installation package was faulty and contained
   "/usr/lib/cmake/vtk-7.1/VTKTargets.cmake"
but not all the files it references.

-- The imported target "vtkRenderingPythonTkWidgets" references the file
   "/usr/lib/x86_64-linux-gnu/libvtkRenderingPythonTkWidgets.so"
but this file does not exist.  Possible reasons include:
* The file was deleted, renamed, or moved to another location.
* An install or uninstall procedure did not complete successfully.
* The installation package was faulty and contained
   "/usr/lib/cmake/vtk-7.1/VTKTargets.cmake"
but not all the files it references.

-- The imported target "vtk" references the file
   "/usr/bin/vtk"
but this file does not exist.  Possible reasons include:
* The file was deleted, renamed, or moved to another location.
* An install or uninstall procedure did not complete successfully.
* The installation package was faulty and contained
   "/usr/lib/cmake/vtk-7.1/VTKTargets.cmake"
but not all the files it references.

-- The imported target "pvtk" references the file
   "/usr/bin/pvtk"
but this file does not exist.  Possible reasons include:
* The file was deleted, renamed, or moved to another location.
* An install or uninstall procedure did not complete successfully.
* The installation package was faulty and contained
   "/usr/lib/cmake/vtk-7.1/VTKTargets.cmake"
but not all the files it references.

CMake Warning (dev) at /usr/local/share/cmake-3.28/Modules/FindPackageHandleStandardArgs.cmake:438 (message):
  The package name passed to `find_package_handle_standard_args` (USB_10)
  does not match the name of the calling package (OpenNI).  This can lead to
  problems in calling code that expects `find_package` result variables
  (e.g., `_FOUND`) to follow a certain pattern.
Call Stack (most recent call first):
  /usr/lib/x86_64-linux-gnu/cmake/pcl/Modules/FindOpenNI.cmake:28 (find_package_handle_standard_args)
  /usr/lib/x86_64-linux-gnu/cmake/pcl/PCLConfig.cmake:179 (find_package)
  /usr/lib/x86_64-linux-gnu/cmake/pcl/PCLConfig.cmake:322 (find_openni)
  /usr/lib/x86_64-linux-gnu/cmake/pcl/PCLConfig.cmake:548 (find_external_library)
  TGH-Planner/dynamicvoronoi/CMakeLists.txt:40 (find_package)
This warning is for project developers.  Use -Wno-dev to suppress it.

-- OpenNI found (include: /usr/include/ni, lib: /usr/lib/libOpenNI.so)
CMake Warning (dev) at /usr/local/share/cmake-3.28/Modules/FindPackageHandleStandardArgs.cmake:438 (message):
  The package name passed to `find_package_handle_standard_args` (USB_10)
  does not match the name of the calling package (OpenNI2).  This can lead to
  problems in calling code that expects `find_package` result variables
  (e.g., `_FOUND`) to follow a certain pattern.
Call Stack (most recent call first):
  /usr/lib/x86_64-linux-gnu/cmake/pcl/Modules/FindOpenNI2.cmake:28 (find_package_handle_standard_args)
  /usr/lib/x86_64-linux-gnu/cmake/pcl/PCLConfig.cmake:193 (find_package)
  /usr/lib/x86_64-linux-gnu/cmake/pcl/PCLConfig.cmake:324 (find_openni2)
  /usr/lib/x86_64-linux-gnu/cmake/pcl/PCLConfig.cmake:548 (find_external_library)
  TGH-Planner/dynamicvoronoi/CMakeLists.txt:40 (find_package)
This warning is for project developers.  Use -Wno-dev to suppress it.

-- OpenNI2 found (include: /usr/include/openni2, lib: /usr/lib/libOpenNI2.so)
** WARNING ** io features related to pcap will be disabled
** WARNING ** io features related to png will be disabled
CMake Warning (dev) at /usr/local/share/cmake-3.28/Modules/FindPackageHandleStandardArgs.cmake:438 (message):
  The package name passed to `find_package_handle_standard_args` (libusb-1.0)
  does not match the name of the calling package (PCL).  This can lead to
  problems in calling code that expects `find_package` result variables
  (e.g., `_FOUND`) to follow a certain pattern.
Call Stack (most recent call first):
  /usr/lib/x86_64-linux-gnu/cmake/pcl/PCLConfig.cmake:291 (find_package_handle_standard_args)
  /usr/lib/x86_64-linux-gnu/cmake/pcl/PCLConfig.cmake:338 (find_libusb)
  /usr/lib/x86_64-linux-gnu/cmake/pcl/PCLConfig.cmake:548 (find_external_library)
  TGH-Planner/dynamicvoronoi/CMakeLists.txt:40 (find_package)
This warning is for project developers.  Use -Wno-dev to suppress it.

** WARNING ** io features related to libusb-1.0 will be disabled
CMake Warning (dev) at /usr/local/share/cmake-3.28/Modules/FindPackageHandleStandardArgs.cmake:438 (message):
  The package name passed to `find_package_handle_standard_args` (USB_10)
  does not match the name of the calling package (OpenNI).  This can lead to
  problems in calling code that expects `find_package` result variables
  (e.g., `_FOUND`) to follow a certain pattern.
Call Stack (most recent call first):
  /usr/lib/x86_64-linux-gnu/cmake/pcl/Modules/FindOpenNI.cmake:28 (find_package_handle_standard_args)
  /usr/lib/x86_64-linux-gnu/cmake/pcl/PCLConfig.cmake:179 (find_package)
  /usr/lib/x86_64-linux-gnu/cmake/pcl/PCLConfig.cmake:322 (find_openni)
  /usr/lib/x86_64-linux-gnu/cmake/pcl/PCLConfig.cmake:548 (find_external_library)
  TGH-Planner/dynamicvoronoi/CMakeLists.txt:40 (find_package)
This warning is for project developers.  Use -Wno-dev to suppress it.

-- OpenNI found (include: /usr/include/ni, lib: /usr/lib/libOpenNI.so)
CMake Warning (dev) at /usr/local/share/cmake-3.28/Modules/FindPackageHandleStandardArgs.cmake:438 (message):
  The package name passed to `find_package_handle_standard_args` (USB_10)
  does not match the name of the calling package (OpenNI2).  This can lead to
  problems in calling code that expects `find_package` result variables
  (e.g., `_FOUND`) to follow a certain pattern.
Call Stack (most recent call first):
  /usr/lib/x86_64-linux-gnu/cmake/pcl/Modules/FindOpenNI2.cmake:28 (find_package_handle_standard_args)
  /usr/lib/x86_64-linux-gnu/cmake/pcl/PCLConfig.cmake:193 (find_package)
  /usr/lib/x86_64-linux-gnu/cmake/pcl/PCLConfig.cmake:324 (find_openni2)
  /usr/lib/x86_64-linux-gnu/cmake/pcl/PCLConfig.cmake:548 (find_external_library)
  TGH-Planner/dynamicvoronoi/CMakeLists.txt:40 (find_package)
This warning is for project developers.  Use -Wno-dev to suppress it.

-- OpenNI2 found (include: /usr/include/openni2, lib: /usr/lib/libOpenNI2.so)
CMake Warning (dev) at /usr/lib/x86_64-linux-gnu/cmake/pcl/PCLConfig.cmake:165 (find_package):
  Policy CMP0144 is not set: find_package uses upper-case <PACKAGENAME>_ROOT
  variables.  Run "cmake --help-policy CMP0144" for policy details.  Use the
  cmake_policy command to set the policy and suppress this warning.

  CMake variable QHULL_ROOT is set to:

    /usr

  For compatibility, find_package is ignoring the variable, but code in a
  .cmake module might still use it.
Call Stack (most recent call first):
  /usr/lib/x86_64-linux-gnu/cmake/pcl/PCLConfig.cmake:320 (find_qhull)
  /usr/lib/x86_64-linux-gnu/cmake/pcl/PCLConfig.cmake:548 (find_external_library)
  TGH-Planner/dynamicvoronoi/CMakeLists.txt:40 (find_package)
This warning is for project developers.  Use -Wno-dev to suppress it.

-- Could NOT find Qhull (missing: QHULL_LIBRARIES QHULL_INCLUDE_DIRS) 
** WARNING ** surface features related to qhull will be disabled
CMake Warning (dev) at /usr/local/share/cmake-3.28/Modules/FindPackageHandleStandardArgs.cmake:438 (message):
  The package name passed to `find_package_handle_standard_args` (USB_10)
  does not match the name of the calling package (OpenNI).  This can lead to
  problems in calling code that expects `find_package` result variables
  (e.g., `_FOUND`) to follow a certain pattern.
Call Stack (most recent call first):
  /usr/lib/x86_64-linux-gnu/cmake/pcl/Modules/FindOpenNI.cmake:28 (find_package_handle_standard_args)
  /usr/lib/x86_64-linux-gnu/cmake/pcl/PCLConfig.cmake:179 (find_package)
  /usr/lib/x86_64-linux-gnu/cmake/pcl/PCLConfig.cmake:322 (find_openni)
  /usr/lib/x86_64-linux-gnu/cmake/pcl/PCLConfig.cmake:548 (find_external_library)
  TGH-Planner/dynamicvoronoi/CMakeLists.txt:40 (find_package)
This warning is for project developers.  Use -Wno-dev to suppress it.

-- OpenNI found (include: /usr/include/ni, lib: /usr/lib/libOpenNI.so)
-- looking for PCL_COMMON
CMake Warning (dev) at /usr/local/share/cmake-3.28/Modules/FindPackageHandleStandardArgs.cmake:438 (message):
  The package name passed to `find_package_handle_standard_args` (PCL_COMMON)
  does not match the name of the calling package (PCL).  This can lead to
  problems in calling code that expects `find_package` result variables
  (e.g., `_FOUND`) to follow a certain pattern.
Call Stack (most recent call first):
  /usr/lib/x86_64-linux-gnu/cmake/pcl/PCLConfig.cmake:616 (find_package_handle_standard_args)
  TGH-Planner/dynamicvoronoi/CMakeLists.txt:40 (find_package)
This warning is for project developers.  Use -Wno-dev to suppress it.

-- looking for PCL_KDTREE
CMake Warning (dev) at /usr/local/share/cmake-3.28/Modules/FindPackageHandleStandardArgs.cmake:438 (message):
  The package name passed to `find_package_handle_standard_args` (PCL_KDTREE)
  does not match the name of the calling package (PCL).  This can lead to
  problems in calling code that expects `find_package` result variables
  (e.g., `_FOUND`) to follow a certain pattern.
Call Stack (most recent call first):
  /usr/lib/x86_64-linux-gnu/cmake/pcl/PCLConfig.cmake:616 (find_package_handle_standard_args)
  TGH-Planner/dynamicvoronoi/CMakeLists.txt:40 (find_package)
This warning is for project developers.  Use -Wno-dev to suppress it.

-- looking for PCL_OCTREE
CMake Warning (dev) at /usr/local/share/cmake-3.28/Modules/FindPackageHandleStandardArgs.cmake:438 (message):
  The package name passed to `find_package_handle_standard_args` (PCL_OCTREE)
  does not match the name of the calling package (PCL).  This can lead to
  problems in calling code that expects `find_package` result variables
  (e.g., `_FOUND`) to follow a certain pattern.
Call Stack (most recent call first):
  /usr/lib/x86_64-linux-gnu/cmake/pcl/PCLConfig.cmake:616 (find_package_handle_standard_args)
  TGH-Planner/dynamicvoronoi/CMakeLists.txt:40 (find_package)
This warning is for project developers.  Use -Wno-dev to suppress it.

-- looking for PCL_SEARCH
CMake Warning (dev) at /usr/local/share/cmake-3.28/Modules/FindPackageHandleStandardArgs.cmake:438 (message):
  The package name passed to `find_package_handle_standard_args` (PCL_SEARCH)
  does not match the name of the calling package (PCL).  This can lead to
  problems in calling code that expects `find_package` result variables
  (e.g., `_FOUND`) to follow a certain pattern.
Call Stack (most recent call first):
  /usr/lib/x86_64-linux-gnu/cmake/pcl/PCLConfig.cmake:616 (find_package_handle_standard_args)
  TGH-Planner/dynamicvoronoi/CMakeLists.txt:40 (find_package)
This warning is for project developers.  Use -Wno-dev to suppress it.

-- looking for PCL_SAMPLE_CONSENSUS
CMake Warning (dev) at /usr/local/share/cmake-3.28/Modules/FindPackageHandleStandardArgs.cmake:438 (message):
  The package name passed to `find_package_handle_standard_args`
  (PCL_SAMPLE_CONSENSUS) does not match the name of the calling package
  (PCL).  This can lead to problems in calling code that expects
  `find_package` result variables (e.g., `_FOUND`) to follow a certain
  pattern.
Call Stack (most recent call first):
  /usr/lib/x86_64-linux-gnu/cmake/pcl/PCLConfig.cmake:616 (find_package_handle_standard_args)
  TGH-Planner/dynamicvoronoi/CMakeLists.txt:40 (find_package)
This warning is for project developers.  Use -Wno-dev to suppress it.

-- looking for PCL_FILTERS
CMake Warning (dev) at /usr/local/share/cmake-3.28/Modules/FindPackageHandleStandardArgs.cmake:438 (message):
  The package name passed to `find_package_handle_standard_args`
  (PCL_FILTERS) does not match the name of the calling package (PCL).  This
  can lead to problems in calling code that expects `find_package` result
  variables (e.g., `_FOUND`) to follow a certain pattern.
Call Stack (most recent call first):
  /usr/lib/x86_64-linux-gnu/cmake/pcl/PCLConfig.cmake:616 (find_package_handle_standard_args)
  TGH-Planner/dynamicvoronoi/CMakeLists.txt:40 (find_package)
This warning is for project developers.  Use -Wno-dev to suppress it.

-- looking for PCL_2D
CMake Warning (dev) at /usr/local/share/cmake-3.28/Modules/FindPackageHandleStandardArgs.cmake:438 (message):
  The package name passed to `find_package_handle_standard_args` (PCL_2D)
  does not match the name of the calling package (PCL).  This can lead to
  problems in calling code that expects `find_package` result variables
  (e.g., `_FOUND`) to follow a certain pattern.
Call Stack (most recent call first):
  /usr/lib/x86_64-linux-gnu/cmake/pcl/PCLConfig.cmake:619 (find_package_handle_standard_args)
  TGH-Planner/dynamicvoronoi/CMakeLists.txt:40 (find_package)
This warning is for project developers.  Use -Wno-dev to suppress it.

-- looking for PCL_GEOMETRY
CMake Warning (dev) at /usr/local/share/cmake-3.28/Modules/FindPackageHandleStandardArgs.cmake:438 (message):
  The package name passed to `find_package_handle_standard_args`
  (PCL_GEOMETRY) does not match the name of the calling package (PCL).  This
  can lead to problems in calling code that expects `find_package` result
  variables (e.g., `_FOUND`) to follow a certain pattern.
Call Stack (most recent call first):
  /usr/lib/x86_64-linux-gnu/cmake/pcl/PCLConfig.cmake:619 (find_package_handle_standard_args)
  TGH-Planner/dynamicvoronoi/CMakeLists.txt:40 (find_package)
This warning is for project developers.  Use -Wno-dev to suppress it.

-- looking for PCL_IO
CMake Warning (dev) at /usr/local/share/cmake-3.28/Modules/FindPackageHandleStandardArgs.cmake:438 (message):
  The package name passed to `find_package_handle_standard_args` (PCL_IO)
  does not match the name of the calling package (PCL).  This can lead to
  problems in calling code that expects `find_package` result variables
  (e.g., `_FOUND`) to follow a certain pattern.
Call Stack (most recent call first):
  /usr/lib/x86_64-linux-gnu/cmake/pcl/PCLConfig.cmake:616 (find_package_handle_standard_args)
  TGH-Planner/dynamicvoronoi/CMakeLists.txt:40 (find_package)
This warning is for project developers.  Use -Wno-dev to suppress it.

-- looking for PCL_FEATURES
CMake Warning (dev) at /usr/local/share/cmake-3.28/Modules/FindPackageHandleStandardArgs.cmake:438 (message):
  The package name passed to `find_package_handle_standard_args`
  (PCL_FEATURES) does not match the name of the calling package (PCL).  This
  can lead to problems in calling code that expects `find_package` result
  variables (e.g., `_FOUND`) to follow a certain pattern.
Call Stack (most recent call first):
  /usr/lib/x86_64-linux-gnu/cmake/pcl/PCLConfig.cmake:616 (find_package_handle_standard_args)
  TGH-Planner/dynamicvoronoi/CMakeLists.txt:40 (find_package)
This warning is for project developers.  Use -Wno-dev to suppress it.

-- looking for PCL_ML
CMake Warning (dev) at /usr/local/share/cmake-3.28/Modules/FindPackageHandleStandardArgs.cmake:438 (message):
  The package name passed to `find_package_handle_standard_args` (PCL_ML)
  does not match the name of the calling package (PCL).  This can lead to
  problems in calling code that expects `find_package` result variables
  (e.g., `_FOUND`) to follow a certain pattern.
Call Stack (most recent call first):
  /usr/lib/x86_64-linux-gnu/cmake/pcl/PCLConfig.cmake:616 (find_package_handle_standard_args)
  TGH-Planner/dynamicvoronoi/CMakeLists.txt:40 (find_package)
This warning is for project developers.  Use -Wno-dev to suppress it.

-- looking for PCL_SEGMENTATION
CMake Warning (dev) at /usr/local/share/cmake-3.28/Modules/FindPackageHandleStandardArgs.cmake:438 (message):
  The package name passed to `find_package_handle_standard_args`
  (PCL_SEGMENTATION) does not match the name of the calling package (PCL).
  This can lead to problems in calling code that expects `find_package`
  result variables (e.g., `_FOUND`) to follow a certain pattern.
Call Stack (most recent call first):
  /usr/lib/x86_64-linux-gnu/cmake/pcl/PCLConfig.cmake:616 (find_package_handle_standard_args)
  TGH-Planner/dynamicvoronoi/CMakeLists.txt:40 (find_package)
This warning is for project developers.  Use -Wno-dev to suppress it.

-- looking for PCL_VISUALIZATION
CMake Warning (dev) at /usr/local/share/cmake-3.28/Modules/FindPackageHandleStandardArgs.cmake:438 (message):
  The package name passed to `find_package_handle_standard_args`
  (PCL_VISUALIZATION) does not match the name of the calling package (PCL).
  This can lead to problems in calling code that expects `find_package`
  result variables (e.g., `_FOUND`) to follow a certain pattern.
Call Stack (most recent call first):
  /usr/lib/x86_64-linux-gnu/cmake/pcl/PCLConfig.cmake:616 (find_package_handle_standard_args)
  TGH-Planner/dynamicvoronoi/CMakeLists.txt:40 (find_package)
This warning is for project developers.  Use -Wno-dev to suppress it.

-- looking for PCL_SURFACE
CMake Warning (dev) at /usr/local/share/cmake-3.28/Modules/FindPackageHandleStandardArgs.cmake:438 (message):
  The package name passed to `find_package_handle_standard_args`
  (PCL_SURFACE) does not match the name of the calling package (PCL).  This
  can lead to problems in calling code that expects `find_package` result
  variables (e.g., `_FOUND`) to follow a certain pattern.
Call Stack (most recent call first):
  /usr/lib/x86_64-linux-gnu/cmake/pcl/PCLConfig.cmake:616 (find_package_handle_standard_args)
  TGH-Planner/dynamicvoronoi/CMakeLists.txt:40 (find_package)
This warning is for project developers.  Use -Wno-dev to suppress it.

-- looking for PCL_REGISTRATION
CMake Warning (dev) at /usr/local/share/cmake-3.28/Modules/FindPackageHandleStandardArgs.cmake:438 (message):
  The package name passed to `find_package_handle_standard_args`
  (PCL_REGISTRATION) does not match the name of the calling package (PCL).
  This can lead to problems in calling code that expects `find_package`
  result variables (e.g., `_FOUND`) to follow a certain pattern.
Call Stack (most recent call first):
  /usr/lib/x86_64-linux-gnu/cmake/pcl/PCLConfig.cmake:616 (find_package_handle_standard_args)
  TGH-Planner/dynamicvoronoi/CMakeLists.txt:40 (find_package)
This warning is for project developers.  Use -Wno-dev to suppress it.

-- looking for PCL_KEYPOINTS
CMake Warning (dev) at /usr/local/share/cmake-3.28/Modules/FindPackageHandleStandardArgs.cmake:438 (message):
  The package name passed to `find_package_handle_standard_args`
  (PCL_KEYPOINTS) does not match the name of the calling package (PCL).  This
  can lead to problems in calling code that expects `find_package` result
  variables (e.g., `_FOUND`) to follow a certain pattern.
Call Stack (most recent call first):
  /usr/lib/x86_64-linux-gnu/cmake/pcl/PCLConfig.cmake:616 (find_package_handle_standard_args)
  TGH-Planner/dynamicvoronoi/CMakeLists.txt:40 (find_package)
This warning is for project developers.  Use -Wno-dev to suppress it.

-- looking for PCL_TRACKING
CMake Warning (dev) at /usr/local/share/cmake-3.28/Modules/FindPackageHandleStandardArgs.cmake:438 (message):
  The package name passed to `find_package_handle_standard_args`
  (PCL_TRACKING) does not match the name of the calling package (PCL).  This
  can lead to problems in calling code that expects `find_package` result
  variables (e.g., `_FOUND`) to follow a certain pattern.
Call Stack (most recent call first):
  /usr/lib/x86_64-linux-gnu/cmake/pcl/PCLConfig.cmake:616 (find_package_handle_standard_args)
  TGH-Planner/dynamicvoronoi/CMakeLists.txt:40 (find_package)
This warning is for project developers.  Use -Wno-dev to suppress it.

-- looking for PCL_RECOGNITION
CMake Warning (dev) at /usr/local/share/cmake-3.28/Modules/FindPackageHandleStandardArgs.cmake:438 (message):
  The package name passed to `find_package_handle_standard_args`
  (PCL_RECOGNITION) does not match the name of the calling package (PCL).
  This can lead to problems in calling code that expects `find_package`
  result variables (e.g., `_FOUND`) to follow a certain pattern.
Call Stack (most recent call first):
  /usr/lib/x86_64-linux-gnu/cmake/pcl/PCLConfig.cmake:616 (find_package_handle_standard_args)
  TGH-Planner/dynamicvoronoi/CMakeLists.txt:40 (find_package)
This warning is for project developers.  Use -Wno-dev to suppress it.

-- looking for PCL_STEREO
CMake Warning (dev) at /usr/local/share/cmake-3.28/Modules/FindPackageHandleStandardArgs.cmake:438 (message):
  The package name passed to `find_package_handle_standard_args` (PCL_STEREO)
  does not match the name of the calling package (PCL).  This can lead to
  problems in calling code that expects `find_package` result variables
  (e.g., `_FOUND`) to follow a certain pattern.
Call Stack (most recent call first):
  /usr/lib/x86_64-linux-gnu/cmake/pcl/PCLConfig.cmake:616 (find_package_handle_standard_args)
  TGH-Planner/dynamicvoronoi/CMakeLists.txt:40 (find_package)
This warning is for project developers.  Use -Wno-dev to suppress it.

-- looking for PCL_APPS
CMake Warning (dev) at /usr/local/share/cmake-3.28/Modules/FindPackageHandleStandardArgs.cmake:438 (message):
  The package name passed to `find_package_handle_standard_args` (PCL_APPS)
  does not match the name of the calling package (PCL).  This can lead to
  problems in calling code that expects `find_package` result variables
  (e.g., `_FOUND`) to follow a certain pattern.
Call Stack (most recent call first):
  /usr/lib/x86_64-linux-gnu/cmake/pcl/PCLConfig.cmake:616 (find_package_handle_standard_args)
  TGH-Planner/dynamicvoronoi/CMakeLists.txt:40 (find_package)
This warning is for project developers.  Use -Wno-dev to suppress it.

-- looking for PCL_IN_HAND_SCANNER
CMake Warning (dev) at /usr/local/share/cmake-3.28/Modules/FindPackageHandleStandardArgs.cmake:438 (message):
  The package name passed to `find_package_handle_standard_args`
  (PCL_IN_HAND_SCANNER) does not match the name of the calling package (PCL).
  This can lead to problems in calling code that expects `find_package`
  result variables (e.g., `_FOUND`) to follow a certain pattern.
Call Stack (most recent call first):
  /usr/lib/x86_64-linux-gnu/cmake/pcl/PCLConfig.cmake:619 (find_package_handle_standard_args)
  TGH-Planner/dynamicvoronoi/CMakeLists.txt:40 (find_package)
This warning is for project developers.  Use -Wno-dev to suppress it.

-- looking for PCL_POINT_CLOUD_EDITOR
CMake Warning (dev) at /usr/local/share/cmake-3.28/Modules/FindPackageHandleStandardArgs.cmake:438 (message):
  The package name passed to `find_package_handle_standard_args`
  (PCL_POINT_CLOUD_EDITOR) does not match the name of the calling package
  (PCL).  This can lead to problems in calling code that expects
  `find_package` result variables (e.g., `_FOUND`) to follow a certain
  pattern.
Call Stack (most recent call first):
  /usr/lib/x86_64-linux-gnu/cmake/pcl/PCLConfig.cmake:619 (find_package_handle_standard_args)
  TGH-Planner/dynamicvoronoi/CMakeLists.txt:40 (find_package)
This warning is for project developers.  Use -Wno-dev to suppress it.

-- looking for PCL_OUTOFCORE
CMake Warning (dev) at /usr/local/share/cmake-3.28/Modules/FindPackageHandleStandardArgs.cmake:438 (message):
  The package name passed to `find_package_handle_standard_args`
  (PCL_OUTOFCORE) does not match the name of the calling package (PCL).  This
  can lead to problems in calling code that expects `find_package` result
  variables (e.g., `_FOUND`) to follow a certain pattern.
Call Stack (most recent call first):
  /usr/lib/x86_64-linux-gnu/cmake/pcl/PCLConfig.cmake:616 (find_package_handle_standard_args)
  TGH-Planner/dynamicvoronoi/CMakeLists.txt:40 (find_package)
This warning is for project developers.  Use -Wno-dev to suppress it.

-- looking for PCL_PEOPLE
CMake Warning (dev) at /usr/local/share/cmake-3.28/Modules/FindPackageHandleStandardArgs.cmake:438 (message):
  The package name passed to `find_package_handle_standard_args` (PCL_PEOPLE)
  does not match the name of the calling package (PCL).  This can lead to
  problems in calling code that expects `find_package` result variables
  (e.g., `_FOUND`) to follow a certain pattern.
Call Stack (most recent call first):
  /usr/lib/x86_64-linux-gnu/cmake/pcl/PCLConfig.cmake:616 (find_package_handle_standard_args)
  TGH-Planner/dynamicvoronoi/CMakeLists.txt:40 (find_package)
This warning is for project developers.  Use -Wno-dev to suppress it.

-- Found PCL: pcl_common;pcl_kdtree;pcl_octree;pcl_search;pcl_sample_consensus;pcl_filters;pcl_io;pcl_features;pcl_ml;pcl_segmentation;pcl_visualization;pcl_surface;pcl_registration;pcl_keypoints;pcl_tracking;pcl_recognition;pcl_stereo;pcl_apps;pcl_outofcore;pcl_people;optimized;/usr/lib/x86_64-linux-gnu/libboost_system.so.1.71.0;debug;/usr/lib/x86_64-linux-gnu/libboost_system.so;optimized;/usr/lib/x86_64-linux-gnu/libboost_filesystem.so.1.71.0;debug;/usr/lib/x86_64-linux-gnu/libboost_filesystem.so;optimized;/usr/lib/x86_64-linux-gnu/libboost_date_time.so.1.71.0;debug;/usr/lib/x86_64-linux-gnu/libboost_date_time.so;optimized;/usr/lib/x86_64-linux-gnu/libboost_iostreams.so.1.71.0;debug;/usr/lib/x86_64-linux-gnu/libboost_iostreams.so;optimized;/usr/lib/x86_64-linux-gnu/libboost_regex.so.1.71.0;debug;/usr/lib/x86_64-linux-gnu/libboost_regex.so;/usr/lib/libOpenNI.so;/usr/lib/libOpenNI2.so;vtkChartsCore;vtkCommonColor;vtkCommonCore;vtksys;vtkCommonDataModel;vtkCommonMath;vtkCommonMisc;vtkCommonSystem;vtkCommonTransforms;vtkCommonExecutionModel;vtkFiltersGeneral;vtkCommonComputationalGeometry;vtkFiltersCore;vtkInfovisCore;vtkFiltersExtraction;vtkFiltersStatistics;vtkImagingFourier;vtkImagingCore;vtkalglib;vtkRenderingContext2D;vtkRenderingCore;vtkFiltersGeometry;vtkFiltersSources;vtkRenderingFreeType;/usr/lib/x86_64-linux-gnu/libfreetype.so;/usr/lib/x86_64-linux-gnu/libz.so;vtkFiltersModeling;vtkImagingSources;vtkInteractionStyle;vtkInteractionWidgets;vtkFiltersHybrid;vtkImagingColor;vtkImagingGeneral;vtkImagingHybrid;vtkIOImage;vtkDICOMParser;vtkmetaio;/usr/lib/x86_64-linux-gnu/libjpeg.so;/usr/lib/x86_64-linux-gnu/libpng.so;/usr/lib/x86_64-linux-gnu/libtiff.so;vtkRenderingAnnotation;vtkRenderingVolume;vtkIOXML;vtkIOCore;vtkIOXMLParser;/usr/lib/x86_64-linux-gnu/libexpat.so;vtkIOGeometry;vtkIOLegacy;vtkIOPLY;vtkRenderingLOD;vtkViewsContext2D;vtkViewsCore;vtkRenderingContextOpenGL2;vtkRenderingOpenGL2;FLANN::FLANN (Required is at least version "1.7") 
-- +++ processing catkin package: 'plan_env'
-- ==> add_subdirectory(TGH-Planner/TGH_Planner/plan_env)
CMake Deprecation Warning at TGH-Planner/TGH_Planner/plan_env/CMakeLists.txt:1 (cmake_minimum_required):
  Compatibility with CMake < 3.5 will be removed from a future version of
  CMake.

  Update the VERSION argument <min> value or use a ...<max> suffix to tell
  CMake that the project does not need compatibility with older versions.


-- Using these message generators: gencpp;geneus;genlisp;gennodejs;genpy
CMake Warning (dev) at /usr/lib/x86_64-linux-gnu/cmake/pcl/PCLConfig.cmake:152 (find_package):
  Policy CMP0144 is not set: find_package uses upper-case <PACKAGENAME>_ROOT
  variables.  Run "cmake --help-policy CMP0144" for policy details.  Use the
  cmake_policy command to set the policy and suppress this warning.

  CMake variable EIGEN_ROOT is set to:

    /usr/include/eigen3

  For compatibility, find_package is ignoring the variable, but code in a
  .cmake module might still use it.
Call Stack (most recent call first):
  /usr/lib/x86_64-linux-gnu/cmake/pcl/PCLConfig.cmake:316 (find_eigen)
  /usr/lib/x86_64-linux-gnu/cmake/pcl/PCLConfig.cmake:551 (find_external_library)
  TGH-Planner/TGH_Planner/plan_env/CMakeLists.txt:17 (find_package)
This warning is for project developers.  Use -Wno-dev to suppress it.

-- Eigen found (include: /usr/include/eigen3, version: 3.3.7)
CMake Warning (dev) at /usr/lib/x86_64-linux-gnu/cmake/pcl/Modules/FindFLANN.cmake:44 (find_package):
  Policy CMP0144 is not set: find_package uses upper-case <PACKAGENAME>_ROOT
  variables.  Run "cmake --help-policy CMP0144" for policy details.  Use the
  cmake_policy command to set the policy and suppress this warning.

  CMake variable FLANN_ROOT is set to:

    /usr

  For compatibility, find_package is ignoring the variable, but code in a
  .cmake module might still use it.
Call Stack (most recent call first):
  /usr/lib/x86_64-linux-gnu/cmake/pcl/PCLConfig.cmake:263 (find_package)
  /usr/lib/x86_64-linux-gnu/cmake/pcl/PCLConfig.cmake:318 (find_flann)
  /usr/lib/x86_64-linux-gnu/cmake/pcl/PCLConfig.cmake:551 (find_external_library)
  TGH-Planner/TGH_Planner/plan_env/CMakeLists.txt:17 (find_package)
This warning is for project developers.  Use -Wno-dev to suppress it.

-- The imported target "vtkParseOGLExt" references the file
   "/usr/bin/vtkParseOGLExt-7.1"
but this file does not exist.  Possible reasons include:
* The file was deleted, renamed, or moved to another location.
* An install or uninstall procedure did not complete successfully.
* The installation package was faulty and contained
   "/usr/lib/cmake/vtk-7.1/VTKTargets.cmake"
but not all the files it references.

-- The imported target "vtkRenderingPythonTkWidgets" references the file
   "/usr/lib/x86_64-linux-gnu/libvtkRenderingPythonTkWidgets.so"
but this file does not exist.  Possible reasons include:
* The file was deleted, renamed, or moved to another location.
* An install or uninstall procedure did not complete successfully.
* The installation package was faulty and contained
   "/usr/lib/cmake/vtk-7.1/VTKTargets.cmake"
but not all the files it references.

-- The imported target "vtk" references the file
   "/usr/bin/vtk"
but this file does not exist.  Possible reasons include:
* The file was deleted, renamed, or moved to another location.
* An install or uninstall procedure did not complete successfully.
* The installation package was faulty and contained
   "/usr/lib/cmake/vtk-7.1/VTKTargets.cmake"
but not all the files it references.

-- The imported target "pvtk" references the file
   "/usr/bin/pvtk"
but this file does not exist.  Possible reasons include:
* The file was deleted, renamed, or moved to another location.
* An install or uninstall procedure did not complete successfully.
* The installation package was faulty and contained
   "/usr/lib/cmake/vtk-7.1/VTKTargets.cmake"
but not all the files it references.

CMake Warning (dev) at /usr/local/share/cmake-3.28/Modules/FindPackageHandleStandardArgs.cmake:438 (message):
  The package name passed to `find_package_handle_standard_args` (USB_10)
  does not match the name of the calling package (OpenNI).  This can lead to
  problems in calling code that expects `find_package` result variables
  (e.g., `_FOUND`) to follow a certain pattern.
Call Stack (most recent call first):
  /usr/lib/x86_64-linux-gnu/cmake/pcl/Modules/FindOpenNI.cmake:28 (find_package_handle_standard_args)
  /usr/lib/x86_64-linux-gnu/cmake/pcl/PCLConfig.cmake:179 (find_package)
  /usr/lib/x86_64-linux-gnu/cmake/pcl/PCLConfig.cmake:322 (find_openni)
  /usr/lib/x86_64-linux-gnu/cmake/pcl/PCLConfig.cmake:548 (find_external_library)
  TGH-Planner/TGH_Planner/plan_env/CMakeLists.txt:17 (find_package)
This warning is for project developers.  Use -Wno-dev to suppress it.

-- OpenNI found (include: /usr/include/ni, lib: /usr/lib/libOpenNI.so)
CMake Warning (dev) at /usr/local/share/cmake-3.28/Modules/FindPackageHandleStandardArgs.cmake:438 (message):
  The package name passed to `find_package_handle_standard_args` (USB_10)
  does not match the name of the calling package (OpenNI2).  This can lead to
  problems in calling code that expects `find_package` result variables
  (e.g., `_FOUND`) to follow a certain pattern.
Call Stack (most recent call first):
  /usr/lib/x86_64-linux-gnu/cmake/pcl/Modules/FindOpenNI2.cmake:28 (find_package_handle_standard_args)
  /usr/lib/x86_64-linux-gnu/cmake/pcl/PCLConfig.cmake:193 (find_package)
  /usr/lib/x86_64-linux-gnu/cmake/pcl/PCLConfig.cmake:324 (find_openni2)
  /usr/lib/x86_64-linux-gnu/cmake/pcl/PCLConfig.cmake:548 (find_external_library)
  TGH-Planner/TGH_Planner/plan_env/CMakeLists.txt:17 (find_package)
This warning is for project developers.  Use -Wno-dev to suppress it.

-- OpenNI2 found (include: /usr/include/openni2, lib: /usr/lib/libOpenNI2.so)
** WARNING ** io features related to pcap will be disabled
** WARNING ** io features related to png will be disabled
CMake Warning (dev) at /usr/local/share/cmake-3.28/Modules/FindPackageHandleStandardArgs.cmake:438 (message):
  The package name passed to `find_package_handle_standard_args` (libusb-1.0)
  does not match the name of the calling package (PCL).  This can lead to
  problems in calling code that expects `find_package` result variables
  (e.g., `_FOUND`) to follow a certain pattern.
Call Stack (most recent call first):
  /usr/lib/x86_64-linux-gnu/cmake/pcl/PCLConfig.cmake:291 (find_package_handle_standard_args)
  /usr/lib/x86_64-linux-gnu/cmake/pcl/PCLConfig.cmake:338 (find_libusb)
  /usr/lib/x86_64-linux-gnu/cmake/pcl/PCLConfig.cmake:548 (find_external_library)
  TGH-Planner/TGH_Planner/plan_env/CMakeLists.txt:17 (find_package)
This warning is for project developers.  Use -Wno-dev to suppress it.

** WARNING ** io features related to libusb-1.0 will be disabled
CMake Warning (dev) at /usr/local/share/cmake-3.28/Modules/FindPackageHandleStandardArgs.cmake:438 (message):
  The package name passed to `find_package_handle_standard_args` (USB_10)
  does not match the name of the calling package (OpenNI).  This can lead to
  problems in calling code that expects `find_package` result variables
  (e.g., `_FOUND`) to follow a certain pattern.
Call Stack (most recent call first):
  /usr/lib/x86_64-linux-gnu/cmake/pcl/Modules/FindOpenNI.cmake:28 (find_package_handle_standard_args)
  /usr/lib/x86_64-linux-gnu/cmake/pcl/PCLConfig.cmake:179 (find_package)
  /usr/lib/x86_64-linux-gnu/cmake/pcl/PCLConfig.cmake:322 (find_openni)
  /usr/lib/x86_64-linux-gnu/cmake/pcl/PCLConfig.cmake:548 (find_external_library)
  TGH-Planner/TGH_Planner/plan_env/CMakeLists.txt:17 (find_package)
This warning is for project developers.  Use -Wno-dev to suppress it.

-- OpenNI found (include: /usr/include/ni, lib: /usr/lib/libOpenNI.so)
CMake Warning (dev) at /usr/local/share/cmake-3.28/Modules/FindPackageHandleStandardArgs.cmake:438 (message):
  The package name passed to `find_package_handle_standard_args` (USB_10)
  does not match the name of the calling package (OpenNI2).  This can lead to
  problems in calling code that expects `find_package` result variables
  (e.g., `_FOUND`) to follow a certain pattern.
Call Stack (most recent call first):
  /usr/lib/x86_64-linux-gnu/cmake/pcl/Modules/FindOpenNI2.cmake:28 (find_package_handle_standard_args)
  /usr/lib/x86_64-linux-gnu/cmake/pcl/PCLConfig.cmake:193 (find_package)
  /usr/lib/x86_64-linux-gnu/cmake/pcl/PCLConfig.cmake:324 (find_openni2)
  /usr/lib/x86_64-linux-gnu/cmake/pcl/PCLConfig.cmake:548 (find_external_library)
  TGH-Planner/TGH_Planner/plan_env/CMakeLists.txt:17 (find_package)
This warning is for project developers.  Use -Wno-dev to suppress it.

-- OpenNI2 found (include: /usr/include/openni2, lib: /usr/lib/libOpenNI2.so)
CMake Warning (dev) at /usr/lib/x86_64-linux-gnu/cmake/pcl/PCLConfig.cmake:165 (find_package):
  Policy CMP0144 is not set: find_package uses upper-case <PACKAGENAME>_ROOT
  variables.  Run "cmake --help-policy CMP0144" for policy details.  Use the
  cmake_policy command to set the policy and suppress this warning.

  CMake variable QHULL_ROOT is set to:

    /usr

  For compatibility, find_package is ignoring the variable, but code in a
  .cmake module might still use it.
Call Stack (most recent call first):
  /usr/lib/x86_64-linux-gnu/cmake/pcl/PCLConfig.cmake:320 (find_qhull)
  /usr/lib/x86_64-linux-gnu/cmake/pcl/PCLConfig.cmake:548 (find_external_library)
  TGH-Planner/TGH_Planner/plan_env/CMakeLists.txt:17 (find_package)
This warning is for project developers.  Use -Wno-dev to suppress it.

-- Could NOT find Qhull (missing: QHULL_LIBRARIES QHULL_INCLUDE_DIRS) 
** WARNING ** surface features related to qhull will be disabled
CMake Warning (dev) at /usr/local/share/cmake-3.28/Modules/FindPackageHandleStandardArgs.cmake:438 (message):
  The package name passed to `find_package_handle_standard_args` (USB_10)
  does not match the name of the calling package (OpenNI).  This can lead to
  problems in calling code that expects `find_package` result variables
  (e.g., `_FOUND`) to follow a certain pattern.
Call Stack (most recent call first):
  /usr/lib/x86_64-linux-gnu/cmake/pcl/Modules/FindOpenNI.cmake:28 (find_package_handle_standard_args)
  /usr/lib/x86_64-linux-gnu/cmake/pcl/PCLConfig.cmake:179 (find_package)
  /usr/lib/x86_64-linux-gnu/cmake/pcl/PCLConfig.cmake:322 (find_openni)
  /usr/lib/x86_64-linux-gnu/cmake/pcl/PCLConfig.cmake:548 (find_external_library)
  TGH-Planner/TGH_Planner/plan_env/CMakeLists.txt:17 (find_package)
This warning is for project developers.  Use -Wno-dev to suppress it.

-- OpenNI found (include: /usr/include/ni, lib: /usr/lib/libOpenNI.so)
-- looking for PCL_COMMON
CMake Warning (dev) at /usr/local/share/cmake-3.28/Modules/FindPackageHandleStandardArgs.cmake:438 (message):
  The package name passed to `find_package_handle_standard_args` (PCL_COMMON)
  does not match the name of the calling package (PCL).  This can lead to
  problems in calling code that expects `find_package` result variables
  (e.g., `_FOUND`) to follow a certain pattern.
Call Stack (most recent call first):
  /usr/lib/x86_64-linux-gnu/cmake/pcl/PCLConfig.cmake:616 (find_package_handle_standard_args)
  TGH-Planner/TGH_Planner/plan_env/CMakeLists.txt:17 (find_package)
This warning is for project developers.  Use -Wno-dev to suppress it.

-- looking for PCL_KDTREE
CMake Warning (dev) at /usr/local/share/cmake-3.28/Modules/FindPackageHandleStandardArgs.cmake:438 (message):
  The package name passed to `find_package_handle_standard_args` (PCL_KDTREE)
  does not match the name of the calling package (PCL).  This can lead to
  problems in calling code that expects `find_package` result variables
  (e.g., `_FOUND`) to follow a certain pattern.
Call Stack (most recent call first):
  /usr/lib/x86_64-linux-gnu/cmake/pcl/PCLConfig.cmake:616 (find_package_handle_standard_args)
  TGH-Planner/TGH_Planner/plan_env/CMakeLists.txt:17 (find_package)
This warning is for project developers.  Use -Wno-dev to suppress it.

-- looking for PCL_OCTREE
CMake Warning (dev) at /usr/local/share/cmake-3.28/Modules/FindPackageHandleStandardArgs.cmake:438 (message):
  The package name passed to `find_package_handle_standard_args` (PCL_OCTREE)
  does not match the name of the calling package (PCL).  This can lead to
  problems in calling code that expects `find_package` result variables
  (e.g., `_FOUND`) to follow a certain pattern.
Call Stack (most recent call first):
  /usr/lib/x86_64-linux-gnu/cmake/pcl/PCLConfig.cmake:616 (find_package_handle_standard_args)
  TGH-Planner/TGH_Planner/plan_env/CMakeLists.txt:17 (find_package)
This warning is for project developers.  Use -Wno-dev to suppress it.

-- looking for PCL_SEARCH
CMake Warning (dev) at /usr/local/share/cmake-3.28/Modules/FindPackageHandleStandardArgs.cmake:438 (message):
  The package name passed to `find_package_handle_standard_args` (PCL_SEARCH)
  does not match the name of the calling package (PCL).  This can lead to
  problems in calling code that expects `find_package` result variables
  (e.g., `_FOUND`) to follow a certain pattern.
Call Stack (most recent call first):
  /usr/lib/x86_64-linux-gnu/cmake/pcl/PCLConfig.cmake:616 (find_package_handle_standard_args)
  TGH-Planner/TGH_Planner/plan_env/CMakeLists.txt:17 (find_package)
This warning is for project developers.  Use -Wno-dev to suppress it.

-- looking for PCL_SAMPLE_CONSENSUS
CMake Warning (dev) at /usr/local/share/cmake-3.28/Modules/FindPackageHandleStandardArgs.cmake:438 (message):
  The package name passed to `find_package_handle_standard_args`
  (PCL_SAMPLE_CONSENSUS) does not match the name of the calling package
  (PCL).  This can lead to problems in calling code that expects
  `find_package` result variables (e.g., `_FOUND`) to follow a certain
  pattern.
Call Stack (most recent call first):
  /usr/lib/x86_64-linux-gnu/cmake/pcl/PCLConfig.cmake:616 (find_package_handle_standard_args)
  TGH-Planner/TGH_Planner/plan_env/CMakeLists.txt:17 (find_package)
This warning is for project developers.  Use -Wno-dev to suppress it.

-- looking for PCL_FILTERS
CMake Warning (dev) at /usr/local/share/cmake-3.28/Modules/FindPackageHandleStandardArgs.cmake:438 (message):
  The package name passed to `find_package_handle_standard_args`
  (PCL_FILTERS) does not match the name of the calling package (PCL).  This
  can lead to problems in calling code that expects `find_package` result
  variables (e.g., `_FOUND`) to follow a certain pattern.
Call Stack (most recent call first):
  /usr/lib/x86_64-linux-gnu/cmake/pcl/PCLConfig.cmake:616 (find_package_handle_standard_args)
  TGH-Planner/TGH_Planner/plan_env/CMakeLists.txt:17 (find_package)
This warning is for project developers.  Use -Wno-dev to suppress it.

-- looking for PCL_2D
CMake Warning (dev) at /usr/local/share/cmake-3.28/Modules/FindPackageHandleStandardArgs.cmake:438 (message):
  The package name passed to `find_package_handle_standard_args` (PCL_2D)
  does not match the name of the calling package (PCL).  This can lead to
  problems in calling code that expects `find_package` result variables
  (e.g., `_FOUND`) to follow a certain pattern.
Call Stack (most recent call first):
  /usr/lib/x86_64-linux-gnu/cmake/pcl/PCLConfig.cmake:619 (find_package_handle_standard_args)
  TGH-Planner/TGH_Planner/plan_env/CMakeLists.txt:17 (find_package)
This warning is for project developers.  Use -Wno-dev to suppress it.

-- looking for PCL_GEOMETRY
CMake Warning (dev) at /usr/local/share/cmake-3.28/Modules/FindPackageHandleStandardArgs.cmake:438 (message):
  The package name passed to `find_package_handle_standard_args`
  (PCL_GEOMETRY) does not match the name of the calling package (PCL).  This
  can lead to problems in calling code that expects `find_package` result
  variables (e.g., `_FOUND`) to follow a certain pattern.
Call Stack (most recent call first):
  /usr/lib/x86_64-linux-gnu/cmake/pcl/PCLConfig.cmake:619 (find_package_handle_standard_args)
  TGH-Planner/TGH_Planner/plan_env/CMakeLists.txt:17 (find_package)
This warning is for project developers.  Use -Wno-dev to suppress it.

-- looking for PCL_IO
CMake Warning (dev) at /usr/local/share/cmake-3.28/Modules/FindPackageHandleStandardArgs.cmake:438 (message):
  The package name passed to `find_package_handle_standard_args` (PCL_IO)
  does not match the name of the calling package (PCL).  This can lead to
  problems in calling code that expects `find_package` result variables
  (e.g., `_FOUND`) to follow a certain pattern.
Call Stack (most recent call first):
  /usr/lib/x86_64-linux-gnu/cmake/pcl/PCLConfig.cmake:616 (find_package_handle_standard_args)
  TGH-Planner/TGH_Planner/plan_env/CMakeLists.txt:17 (find_package)
This warning is for project developers.  Use -Wno-dev to suppress it.

-- looking for PCL_FEATURES
CMake Warning (dev) at /usr/local/share/cmake-3.28/Modules/FindPackageHandleStandardArgs.cmake:438 (message):
  The package name passed to `find_package_handle_standard_args`
  (PCL_FEATURES) does not match the name of the calling package (PCL).  This
  can lead to problems in calling code that expects `find_package` result
  variables (e.g., `_FOUND`) to follow a certain pattern.
Call Stack (most recent call first):
  /usr/lib/x86_64-linux-gnu/cmake/pcl/PCLConfig.cmake:616 (find_package_handle_standard_args)
  TGH-Planner/TGH_Planner/plan_env/CMakeLists.txt:17 (find_package)
This warning is for project developers.  Use -Wno-dev to suppress it.

-- looking for PCL_ML
CMake Warning (dev) at /usr/local/share/cmake-3.28/Modules/FindPackageHandleStandardArgs.cmake:438 (message):
  The package name passed to `find_package_handle_standard_args` (PCL_ML)
  does not match the name of the calling package (PCL).  This can lead to
  problems in calling code that expects `find_package` result variables
  (e.g., `_FOUND`) to follow a certain pattern.
Call Stack (most recent call first):
  /usr/lib/x86_64-linux-gnu/cmake/pcl/PCLConfig.cmake:616 (find_package_handle_standard_args)
  TGH-Planner/TGH_Planner/plan_env/CMakeLists.txt:17 (find_package)
This warning is for project developers.  Use -Wno-dev to suppress it.

-- looking for PCL_SEGMENTATION
CMake Warning (dev) at /usr/local/share/cmake-3.28/Modules/FindPackageHandleStandardArgs.cmake:438 (message):
  The package name passed to `find_package_handle_standard_args`
  (PCL_SEGMENTATION) does not match the name of the calling package (PCL).
  This can lead to problems in calling code that expects `find_package`
  result variables (e.g., `_FOUND`) to follow a certain pattern.
Call Stack (most recent call first):
  /usr/lib/x86_64-linux-gnu/cmake/pcl/PCLConfig.cmake:616 (find_package_handle_standard_args)
  TGH-Planner/TGH_Planner/plan_env/CMakeLists.txt:17 (find_package)
This warning is for project developers.  Use -Wno-dev to suppress it.

-- looking for PCL_VISUALIZATION
CMake Warning (dev) at /usr/local/share/cmake-3.28/Modules/FindPackageHandleStandardArgs.cmake:438 (message):
  The package name passed to `find_package_handle_standard_args`
  (PCL_VISUALIZATION) does not match the name of the calling package (PCL).
  This can lead to problems in calling code that expects `find_package`
  result variables (e.g., `_FOUND`) to follow a certain pattern.
Call Stack (most recent call first):
  /usr/lib/x86_64-linux-gnu/cmake/pcl/PCLConfig.cmake:616 (find_package_handle_standard_args)
  TGH-Planner/TGH_Planner/plan_env/CMakeLists.txt:17 (find_package)
This warning is for project developers.  Use -Wno-dev to suppress it.

-- looking for PCL_SURFACE
CMake Warning (dev) at /usr/local/share/cmake-3.28/Modules/FindPackageHandleStandardArgs.cmake:438 (message):
  The package name passed to `find_package_handle_standard_args`
  (PCL_SURFACE) does not match the name of the calling package (PCL).  This
  can lead to problems in calling code that expects `find_package` result
  variables (e.g., `_FOUND`) to follow a certain pattern.
Call Stack (most recent call first):
  /usr/lib/x86_64-linux-gnu/cmake/pcl/PCLConfig.cmake:616 (find_package_handle_standard_args)
  TGH-Planner/TGH_Planner/plan_env/CMakeLists.txt:17 (find_package)
This warning is for project developers.  Use -Wno-dev to suppress it.

-- looking for PCL_REGISTRATION
CMake Warning (dev) at /usr/local/share/cmake-3.28/Modules/FindPackageHandleStandardArgs.cmake:438 (message):
  The package name passed to `find_package_handle_standard_args`
  (PCL_REGISTRATION) does not match the name of the calling package (PCL).
  This can lead to problems in calling code that expects `find_package`
  result variables (e.g., `_FOUND`) to follow a certain pattern.
Call Stack (most recent call first):
  /usr/lib/x86_64-linux-gnu/cmake/pcl/PCLConfig.cmake:616 (find_package_handle_standard_args)
  TGH-Planner/TGH_Planner/plan_env/CMakeLists.txt:17 (find_package)
This warning is for project developers.  Use -Wno-dev to suppress it.

-- looking for PCL_KEYPOINTS
CMake Warning (dev) at /usr/local/share/cmake-3.28/Modules/FindPackageHandleStandardArgs.cmake:438 (message):
  The package name passed to `find_package_handle_standard_args`
  (PCL_KEYPOINTS) does not match the name of the calling package (PCL).  This
  can lead to problems in calling code that expects `find_package` result
  variables (e.g., `_FOUND`) to follow a certain pattern.
Call Stack (most recent call first):
  /usr/lib/x86_64-linux-gnu/cmake/pcl/PCLConfig.cmake:616 (find_package_handle_standard_args)
  TGH-Planner/TGH_Planner/plan_env/CMakeLists.txt:17 (find_package)
This warning is for project developers.  Use -Wno-dev to suppress it.

-- looking for PCL_TRACKING
CMake Warning (dev) at /usr/local/share/cmake-3.28/Modules/FindPackageHandleStandardArgs.cmake:438 (message):
  The package name passed to `find_package_handle_standard_args`
  (PCL_TRACKING) does not match the name of the calling package (PCL).  This
  can lead to problems in calling code that expects `find_package` result
  variables (e.g., `_FOUND`) to follow a certain pattern.
Call Stack (most recent call first):
  /usr/lib/x86_64-linux-gnu/cmake/pcl/PCLConfig.cmake:616 (find_package_handle_standard_args)
  TGH-Planner/TGH_Planner/plan_env/CMakeLists.txt:17 (find_package)
This warning is for project developers.  Use -Wno-dev to suppress it.

-- looking for PCL_RECOGNITION
CMake Warning (dev) at /usr/local/share/cmake-3.28/Modules/FindPackageHandleStandardArgs.cmake:438 (message):
  The package name passed to `find_package_handle_standard_args`
  (PCL_RECOGNITION) does not match the name of the calling package (PCL).
  This can lead to problems in calling code that expects `find_package`
  result variables (e.g., `_FOUND`) to follow a certain pattern.
Call Stack (most recent call first):
  /usr/lib/x86_64-linux-gnu/cmake/pcl/PCLConfig.cmake:616 (find_package_handle_standard_args)
  TGH-Planner/TGH_Planner/plan_env/CMakeLists.txt:17 (find_package)
This warning is for project developers.  Use -Wno-dev to suppress it.

-- looking for PCL_STEREO
CMake Warning (dev) at /usr/local/share/cmake-3.28/Modules/FindPackageHandleStandardArgs.cmake:438 (message):
  The package name passed to `find_package_handle_standard_args` (PCL_STEREO)
  does not match the name of the calling package (PCL).  This can lead to
  problems in calling code that expects `find_package` result variables
  (e.g., `_FOUND`) to follow a certain pattern.
Call Stack (most recent call first):
  /usr/lib/x86_64-linux-gnu/cmake/pcl/PCLConfig.cmake:616 (find_package_handle_standard_args)
  TGH-Planner/TGH_Planner/plan_env/CMakeLists.txt:17 (find_package)
This warning is for project developers.  Use -Wno-dev to suppress it.

-- looking for PCL_APPS
CMake Warning (dev) at /usr/local/share/cmake-3.28/Modules/FindPackageHandleStandardArgs.cmake:438 (message):
  The package name passed to `find_package_handle_standard_args` (PCL_APPS)
  does not match the name of the calling package (PCL).  This can lead to
  problems in calling code that expects `find_package` result variables
  (e.g., `_FOUND`) to follow a certain pattern.
Call Stack (most recent call first):
  /usr/lib/x86_64-linux-gnu/cmake/pcl/PCLConfig.cmake:616 (find_package_handle_standard_args)
  TGH-Planner/TGH_Planner/plan_env/CMakeLists.txt:17 (find_package)
This warning is for project developers.  Use -Wno-dev to suppress it.

-- looking for PCL_IN_HAND_SCANNER
CMake Warning (dev) at /usr/local/share/cmake-3.28/Modules/FindPackageHandleStandardArgs.cmake:438 (message):
  The package name passed to `find_package_handle_standard_args`
  (PCL_IN_HAND_SCANNER) does not match the name of the calling package (PCL).
  This can lead to problems in calling code that expects `find_package`
  result variables (e.g., `_FOUND`) to follow a certain pattern.
Call Stack (most recent call first):
  /usr/lib/x86_64-linux-gnu/cmake/pcl/PCLConfig.cmake:619 (find_package_handle_standard_args)
  TGH-Planner/TGH_Planner/plan_env/CMakeLists.txt:17 (find_package)
This warning is for project developers.  Use -Wno-dev to suppress it.

-- looking for PCL_POINT_CLOUD_EDITOR
CMake Warning (dev) at /usr/local/share/cmake-3.28/Modules/FindPackageHandleStandardArgs.cmake:438 (message):
  The package name passed to `find_package_handle_standard_args`
  (PCL_POINT_CLOUD_EDITOR) does not match the name of the calling package
  (PCL).  This can lead to problems in calling code that expects
  `find_package` result variables (e.g., `_FOUND`) to follow a certain
  pattern.
Call Stack (most recent call first):
  /usr/lib/x86_64-linux-gnu/cmake/pcl/PCLConfig.cmake:619 (find_package_handle_standard_args)
  TGH-Planner/TGH_Planner/plan_env/CMakeLists.txt:17 (find_package)
This warning is for project developers.  Use -Wno-dev to suppress it.

-- looking for PCL_OUTOFCORE
CMake Warning (dev) at /usr/local/share/cmake-3.28/Modules/FindPackageHandleStandardArgs.cmake:438 (message):
  The package name passed to `find_package_handle_standard_args`
  (PCL_OUTOFCORE) does not match the name of the calling package (PCL).  This
  can lead to problems in calling code that expects `find_package` result
  variables (e.g., `_FOUND`) to follow a certain pattern.
Call Stack (most recent call first):
  /usr/lib/x86_64-linux-gnu/cmake/pcl/PCLConfig.cmake:616 (find_package_handle_standard_args)
  TGH-Planner/TGH_Planner/plan_env/CMakeLists.txt:17 (find_package)
This warning is for project developers.  Use -Wno-dev to suppress it.

-- looking for PCL_PEOPLE
CMake Warning (dev) at /usr/local/share/cmake-3.28/Modules/FindPackageHandleStandardArgs.cmake:438 (message):
  The package name passed to `find_package_handle_standard_args` (PCL_PEOPLE)
  does not match the name of the calling package (PCL).  This can lead to
  problems in calling code that expects `find_package` result variables
  (e.g., `_FOUND`) to follow a certain pattern.
Call Stack (most recent call first):
  /usr/lib/x86_64-linux-gnu/cmake/pcl/PCLConfig.cmake:616 (find_package_handle_standard_args)
  TGH-Planner/TGH_Planner/plan_env/CMakeLists.txt:17 (find_package)
This warning is for project developers.  Use -Wno-dev to suppress it.

-- OpenCV version: 4.2.0
-- +++ processing catkin package: 'bspline'
-- ==> add_subdirectory(TGH-Planner/TGH_Planner/bspline)
CMake Deprecation Warning at TGH-Planner/TGH_Planner/bspline/CMakeLists.txt:1 (cmake_minimum_required):
  Compatibility with CMake < 3.5 will be removed from a future version of
  CMake.

  Update the VERSION argument <min> value or use a ...<max> suffix to tell
  CMake that the project does not need compatibility with older versions.


CMake Warning (dev) at /usr/lib/x86_64-linux-gnu/cmake/pcl/PCLConfig.cmake:152 (find_package):
  Policy CMP0144 is not set: find_package uses upper-case <PACKAGENAME>_ROOT
  variables.  Run "cmake --help-policy CMP0144" for policy details.  Use the
  cmake_policy command to set the policy and suppress this warning.

  CMake variable EIGEN_ROOT is set to:

    /usr/include/eigen3

  For compatibility, find_package is ignoring the variable, but code in a
  .cmake module might still use it.
Call Stack (most recent call first):
  /usr/lib/x86_64-linux-gnu/cmake/pcl/PCLConfig.cmake:316 (find_eigen)
  /usr/lib/x86_64-linux-gnu/cmake/pcl/PCLConfig.cmake:551 (find_external_library)
  TGH-Planner/TGH_Planner/bspline/CMakeLists.txt:5 (find_package)
This warning is for project developers.  Use -Wno-dev to suppress it.

-- Eigen found (include: /usr/include/eigen3, version: 3.3.7)
CMake Warning (dev) at /usr/lib/x86_64-linux-gnu/cmake/pcl/Modules/FindFLANN.cmake:44 (find_package):
  Policy CMP0144 is not set: find_package uses upper-case <PACKAGENAME>_ROOT
  variables.  Run "cmake --help-policy CMP0144" for policy details.  Use the
  cmake_policy command to set the policy and suppress this warning.

  CMake variable FLANN_ROOT is set to:

    /usr

  For compatibility, find_package is ignoring the variable, but code in a
  .cmake module might still use it.
Call Stack (most recent call first):
  /usr/lib/x86_64-linux-gnu/cmake/pcl/PCLConfig.cmake:263 (find_package)
  /usr/lib/x86_64-linux-gnu/cmake/pcl/PCLConfig.cmake:318 (find_flann)
  /usr/lib/x86_64-linux-gnu/cmake/pcl/PCLConfig.cmake:551 (find_external_library)
  TGH-Planner/TGH_Planner/bspline/CMakeLists.txt:5 (find_package)
This warning is for project developers.  Use -Wno-dev to suppress it.

-- The imported target "vtkParseOGLExt" references the file
   "/usr/bin/vtkParseOGLExt-7.1"
but this file does not exist.  Possible reasons include:
* The file was deleted, renamed, or moved to another location.
* An install or uninstall procedure did not complete successfully.
* The installation package was faulty and contained
   "/usr/lib/cmake/vtk-7.1/VTKTargets.cmake"
but not all the files it references.

-- The imported target "vtkRenderingPythonTkWidgets" references the file
   "/usr/lib/x86_64-linux-gnu/libvtkRenderingPythonTkWidgets.so"
but this file does not exist.  Possible reasons include:
* The file was deleted, renamed, or moved to another location.
* An install or uninstall procedure did not complete successfully.
* The installation package was faulty and contained
   "/usr/lib/cmake/vtk-7.1/VTKTargets.cmake"
but not all the files it references.

-- The imported target "vtk" references the file
   "/usr/bin/vtk"
but this file does not exist.  Possible reasons include:
* The file was deleted, renamed, or moved to another location.
* An install or uninstall procedure did not complete successfully.
* The installation package was faulty and contained
   "/usr/lib/cmake/vtk-7.1/VTKTargets.cmake"
but not all the files it references.

-- The imported target "pvtk" references the file
   "/usr/bin/pvtk"
but this file does not exist.  Possible reasons include:
* The file was deleted, renamed, or moved to another location.
* An install or uninstall procedure did not complete successfully.
* The installation package was faulty and contained
   "/usr/lib/cmake/vtk-7.1/VTKTargets.cmake"
but not all the files it references.

CMake Warning (dev) at /usr/local/share/cmake-3.28/Modules/FindPackageHandleStandardArgs.cmake:438 (message):
  The package name passed to `find_package_handle_standard_args` (USB_10)
  does not match the name of the calling package (OpenNI).  This can lead to
  problems in calling code that expects `find_package` result variables
  (e.g., `_FOUND`) to follow a certain pattern.
Call Stack (most recent call first):
  /usr/lib/x86_64-linux-gnu/cmake/pcl/Modules/FindOpenNI.cmake:28 (find_package_handle_standard_args)
  /usr/lib/x86_64-linux-gnu/cmake/pcl/PCLConfig.cmake:179 (find_package)
  /usr/lib/x86_64-linux-gnu/cmake/pcl/PCLConfig.cmake:322 (find_openni)
  /usr/lib/x86_64-linux-gnu/cmake/pcl/PCLConfig.cmake:548 (find_external_library)
  TGH-Planner/TGH_Planner/bspline/CMakeLists.txt:5 (find_package)
This warning is for project developers.  Use -Wno-dev to suppress it.

-- OpenNI found (include: /usr/include/ni, lib: /usr/lib/libOpenNI.so)
CMake Warning (dev) at /usr/local/share/cmake-3.28/Modules/FindPackageHandleStandardArgs.cmake:438 (message):
  The package name passed to `find_package_handle_standard_args` (USB_10)
  does not match the name of the calling package (OpenNI2).  This can lead to
  problems in calling code that expects `find_package` result variables
  (e.g., `_FOUND`) to follow a certain pattern.
Call Stack (most recent call first):
  /usr/lib/x86_64-linux-gnu/cmake/pcl/Modules/FindOpenNI2.cmake:28 (find_package_handle_standard_args)
  /usr/lib/x86_64-linux-gnu/cmake/pcl/PCLConfig.cmake:193 (find_package)
  /usr/lib/x86_64-linux-gnu/cmake/pcl/PCLConfig.cmake:324 (find_openni2)
  /usr/lib/x86_64-linux-gnu/cmake/pcl/PCLConfig.cmake:548 (find_external_library)
  TGH-Planner/TGH_Planner/bspline/CMakeLists.txt:5 (find_package)
This warning is for project developers.  Use -Wno-dev to suppress it.

-- OpenNI2 found (include: /usr/include/openni2, lib: /usr/lib/libOpenNI2.so)
** WARNING ** io features related to pcap will be disabled
** WARNING ** io features related to png will be disabled
CMake Warning (dev) at /usr/local/share/cmake-3.28/Modules/FindPackageHandleStandardArgs.cmake:438 (message):
  The package name passed to `find_package_handle_standard_args` (libusb-1.0)
  does not match the name of the calling package (PCL).  This can lead to
  problems in calling code that expects `find_package` result variables
  (e.g., `_FOUND`) to follow a certain pattern.
Call Stack (most recent call first):
  /usr/lib/x86_64-linux-gnu/cmake/pcl/PCLConfig.cmake:291 (find_package_handle_standard_args)
  /usr/lib/x86_64-linux-gnu/cmake/pcl/PCLConfig.cmake:338 (find_libusb)
  /usr/lib/x86_64-linux-gnu/cmake/pcl/PCLConfig.cmake:548 (find_external_library)
  TGH-Planner/TGH_Planner/bspline/CMakeLists.txt:5 (find_package)
This warning is for project developers.  Use -Wno-dev to suppress it.

** WARNING ** io features related to libusb-1.0 will be disabled
CMake Warning (dev) at /usr/local/share/cmake-3.28/Modules/FindPackageHandleStandardArgs.cmake:438 (message):
  The package name passed to `find_package_handle_standard_args` (USB_10)
  does not match the name of the calling package (OpenNI).  This can lead to
  problems in calling code that expects `find_package` result variables
  (e.g., `_FOUND`) to follow a certain pattern.
Call Stack (most recent call first):
  /usr/lib/x86_64-linux-gnu/cmake/pcl/Modules/FindOpenNI.cmake:28 (find_package_handle_standard_args)
  /usr/lib/x86_64-linux-gnu/cmake/pcl/PCLConfig.cmake:179 (find_package)
  /usr/lib/x86_64-linux-gnu/cmake/pcl/PCLConfig.cmake:322 (find_openni)
  /usr/lib/x86_64-linux-gnu/cmake/pcl/PCLConfig.cmake:548 (find_external_library)
  TGH-Planner/TGH_Planner/bspline/CMakeLists.txt:5 (find_package)
This warning is for project developers.  Use -Wno-dev to suppress it.

-- OpenNI found (include: /usr/include/ni, lib: /usr/lib/libOpenNI.so)
CMake Warning (dev) at /usr/local/share/cmake-3.28/Modules/FindPackageHandleStandardArgs.cmake:438 (message):
  The package name passed to `find_package_handle_standard_args` (USB_10)
  does not match the name of the calling package (OpenNI2).  This can lead to
  problems in calling code that expects `find_package` result variables
  (e.g., `_FOUND`) to follow a certain pattern.
Call Stack (most recent call first):
  /usr/lib/x86_64-linux-gnu/cmake/pcl/Modules/FindOpenNI2.cmake:28 (find_package_handle_standard_args)
  /usr/lib/x86_64-linux-gnu/cmake/pcl/PCLConfig.cmake:193 (find_package)
  /usr/lib/x86_64-linux-gnu/cmake/pcl/PCLConfig.cmake:324 (find_openni2)
  /usr/lib/x86_64-linux-gnu/cmake/pcl/PCLConfig.cmake:548 (find_external_library)
  TGH-Planner/TGH_Planner/bspline/CMakeLists.txt:5 (find_package)
This warning is for project developers.  Use -Wno-dev to suppress it.

-- OpenNI2 found (include: /usr/include/openni2, lib: /usr/lib/libOpenNI2.so)
CMake Warning (dev) at /usr/lib/x86_64-linux-gnu/cmake/pcl/PCLConfig.cmake:165 (find_package):
  Policy CMP0144 is not set: find_package uses upper-case <PACKAGENAME>_ROOT
  variables.  Run "cmake --help-policy CMP0144" for policy details.  Use the
  cmake_policy command to set the policy and suppress this warning.

  CMake variable QHULL_ROOT is set to:

    /usr

  For compatibility, find_package is ignoring the variable, but code in a
  .cmake module might still use it.
Call Stack (most recent call first):
  /usr/lib/x86_64-linux-gnu/cmake/pcl/PCLConfig.cmake:320 (find_qhull)
  /usr/lib/x86_64-linux-gnu/cmake/pcl/PCLConfig.cmake:548 (find_external_library)
  TGH-Planner/TGH_Planner/bspline/CMakeLists.txt:5 (find_package)
This warning is for project developers.  Use -Wno-dev to suppress it.

-- Could NOT find Qhull (missing: QHULL_LIBRARIES QHULL_INCLUDE_DIRS) 
** WARNING ** surface features related to qhull will be disabled
CMake Warning (dev) at /usr/local/share/cmake-3.28/Modules/FindPackageHandleStandardArgs.cmake:438 (message):
  The package name passed to `find_package_handle_standard_args` (USB_10)
  does not match the name of the calling package (OpenNI).  This can lead to
  problems in calling code that expects `find_package` result variables
  (e.g., `_FOUND`) to follow a certain pattern.
Call Stack (most recent call first):
  /usr/lib/x86_64-linux-gnu/cmake/pcl/Modules/FindOpenNI.cmake:28 (find_package_handle_standard_args)
  /usr/lib/x86_64-linux-gnu/cmake/pcl/PCLConfig.cmake:179 (find_package)
  /usr/lib/x86_64-linux-gnu/cmake/pcl/PCLConfig.cmake:322 (find_openni)
  /usr/lib/x86_64-linux-gnu/cmake/pcl/PCLConfig.cmake:548 (find_external_library)
  TGH-Planner/TGH_Planner/bspline/CMakeLists.txt:5 (find_package)
This warning is for project developers.  Use -Wno-dev to suppress it.

-- OpenNI found (include: /usr/include/ni, lib: /usr/lib/libOpenNI.so)
-- looking for PCL_COMMON
CMake Warning (dev) at /usr/local/share/cmake-3.28/Modules/FindPackageHandleStandardArgs.cmake:438 (message):
  The package name passed to `find_package_handle_standard_args` (PCL_COMMON)
  does not match the name of the calling package (PCL).  This can lead to
  problems in calling code that expects `find_package` result variables
  (e.g., `_FOUND`) to follow a certain pattern.
Call Stack (most recent call first):
  /usr/lib/x86_64-linux-gnu/cmake/pcl/PCLConfig.cmake:616 (find_package_handle_standard_args)
  TGH-Planner/TGH_Planner/bspline/CMakeLists.txt:5 (find_package)
This warning is for project developers.  Use -Wno-dev to suppress it.

-- looking for PCL_KDTREE
CMake Warning (dev) at /usr/local/share/cmake-3.28/Modules/FindPackageHandleStandardArgs.cmake:438 (message):
  The package name passed to `find_package_handle_standard_args` (PCL_KDTREE)
  does not match the name of the calling package (PCL).  This can lead to
  problems in calling code that expects `find_package` result variables
  (e.g., `_FOUND`) to follow a certain pattern.
Call Stack (most recent call first):
  /usr/lib/x86_64-linux-gnu/cmake/pcl/PCLConfig.cmake:616 (find_package_handle_standard_args)
  TGH-Planner/TGH_Planner/bspline/CMakeLists.txt:5 (find_package)
This warning is for project developers.  Use -Wno-dev to suppress it.

-- looking for PCL_OCTREE
CMake Warning (dev) at /usr/local/share/cmake-3.28/Modules/FindPackageHandleStandardArgs.cmake:438 (message):
  The package name passed to `find_package_handle_standard_args` (PCL_OCTREE)
  does not match the name of the calling package (PCL).  This can lead to
  problems in calling code that expects `find_package` result variables
  (e.g., `_FOUND`) to follow a certain pattern.
Call Stack (most recent call first):
  /usr/lib/x86_64-linux-gnu/cmake/pcl/PCLConfig.cmake:616 (find_package_handle_standard_args)
  TGH-Planner/TGH_Planner/bspline/CMakeLists.txt:5 (find_package)
This warning is for project developers.  Use -Wno-dev to suppress it.

-- looking for PCL_SEARCH
CMake Warning (dev) at /usr/local/share/cmake-3.28/Modules/FindPackageHandleStandardArgs.cmake:438 (message):
  The package name passed to `find_package_handle_standard_args` (PCL_SEARCH)
  does not match the name of the calling package (PCL).  This can lead to
  problems in calling code that expects `find_package` result variables
  (e.g., `_FOUND`) to follow a certain pattern.
Call Stack (most recent call first):
  /usr/lib/x86_64-linux-gnu/cmake/pcl/PCLConfig.cmake:616 (find_package_handle_standard_args)
  TGH-Planner/TGH_Planner/bspline/CMakeLists.txt:5 (find_package)
This warning is for project developers.  Use -Wno-dev to suppress it.

-- looking for PCL_SAMPLE_CONSENSUS
CMake Warning (dev) at /usr/local/share/cmake-3.28/Modules/FindPackageHandleStandardArgs.cmake:438 (message):
  The package name passed to `find_package_handle_standard_args`
  (PCL_SAMPLE_CONSENSUS) does not match the name of the calling package
  (PCL).  This can lead to problems in calling code that expects
  `find_package` result variables (e.g., `_FOUND`) to follow a certain
  pattern.
Call Stack (most recent call first):
  /usr/lib/x86_64-linux-gnu/cmake/pcl/PCLConfig.cmake:616 (find_package_handle_standard_args)
  TGH-Planner/TGH_Planner/bspline/CMakeLists.txt:5 (find_package)
This warning is for project developers.  Use -Wno-dev to suppress it.

-- looking for PCL_FILTERS
CMake Warning (dev) at /usr/local/share/cmake-3.28/Modules/FindPackageHandleStandardArgs.cmake:438 (message):
  The package name passed to `find_package_handle_standard_args`
  (PCL_FILTERS) does not match the name of the calling package (PCL).  This
  can lead to problems in calling code that expects `find_package` result
  variables (e.g., `_FOUND`) to follow a certain pattern.
Call Stack (most recent call first):
  /usr/lib/x86_64-linux-gnu/cmake/pcl/PCLConfig.cmake:616 (find_package_handle_standard_args)
  TGH-Planner/TGH_Planner/bspline/CMakeLists.txt:5 (find_package)
This warning is for project developers.  Use -Wno-dev to suppress it.

-- looking for PCL_2D
CMake Warning (dev) at /usr/local/share/cmake-3.28/Modules/FindPackageHandleStandardArgs.cmake:438 (message):
  The package name passed to `find_package_handle_standard_args` (PCL_2D)
  does not match the name of the calling package (PCL).  This can lead to
  problems in calling code that expects `find_package` result variables
  (e.g., `_FOUND`) to follow a certain pattern.
Call Stack (most recent call first):
  /usr/lib/x86_64-linux-gnu/cmake/pcl/PCLConfig.cmake:619 (find_package_handle_standard_args)
  TGH-Planner/TGH_Planner/bspline/CMakeLists.txt:5 (find_package)
This warning is for project developers.  Use -Wno-dev to suppress it.

-- looking for PCL_GEOMETRY
CMake Warning (dev) at /usr/local/share/cmake-3.28/Modules/FindPackageHandleStandardArgs.cmake:438 (message):
  The package name passed to `find_package_handle_standard_args`
  (PCL_GEOMETRY) does not match the name of the calling package (PCL).  This
  can lead to problems in calling code that expects `find_package` result
  variables (e.g., `_FOUND`) to follow a certain pattern.
Call Stack (most recent call first):
  /usr/lib/x86_64-linux-gnu/cmake/pcl/PCLConfig.cmake:619 (find_package_handle_standard_args)
  TGH-Planner/TGH_Planner/bspline/CMakeLists.txt:5 (find_package)
This warning is for project developers.  Use -Wno-dev to suppress it.

-- looking for PCL_IO
CMake Warning (dev) at /usr/local/share/cmake-3.28/Modules/FindPackageHandleStandardArgs.cmake:438 (message):
  The package name passed to `find_package_handle_standard_args` (PCL_IO)
  does not match the name of the calling package (PCL).  This can lead to
  problems in calling code that expects `find_package` result variables
  (e.g., `_FOUND`) to follow a certain pattern.
Call Stack (most recent call first):
  /usr/lib/x86_64-linux-gnu/cmake/pcl/PCLConfig.cmake:616 (find_package_handle_standard_args)
  TGH-Planner/TGH_Planner/bspline/CMakeLists.txt:5 (find_package)
This warning is for project developers.  Use -Wno-dev to suppress it.

-- looking for PCL_FEATURES
CMake Warning (dev) at /usr/local/share/cmake-3.28/Modules/FindPackageHandleStandardArgs.cmake:438 (message):
  The package name passed to `find_package_handle_standard_args`
  (PCL_FEATURES) does not match the name of the calling package (PCL).  This
  can lead to problems in calling code that expects `find_package` result
  variables (e.g., `_FOUND`) to follow a certain pattern.
Call Stack (most recent call first):
  /usr/lib/x86_64-linux-gnu/cmake/pcl/PCLConfig.cmake:616 (find_package_handle_standard_args)
  TGH-Planner/TGH_Planner/bspline/CMakeLists.txt:5 (find_package)
This warning is for project developers.  Use -Wno-dev to suppress it.

-- looking for PCL_ML
CMake Warning (dev) at /usr/local/share/cmake-3.28/Modules/FindPackageHandleStandardArgs.cmake:438 (message):
  The package name passed to `find_package_handle_standard_args` (PCL_ML)
  does not match the name of the calling package (PCL).  This can lead to
  problems in calling code that expects `find_package` result variables
  (e.g., `_FOUND`) to follow a certain pattern.
Call Stack (most recent call first):
  /usr/lib/x86_64-linux-gnu/cmake/pcl/PCLConfig.cmake:616 (find_package_handle_standard_args)
  TGH-Planner/TGH_Planner/bspline/CMakeLists.txt:5 (find_package)
This warning is for project developers.  Use -Wno-dev to suppress it.

-- looking for PCL_SEGMENTATION
CMake Warning (dev) at /usr/local/share/cmake-3.28/Modules/FindPackageHandleStandardArgs.cmake:438 (message):
  The package name passed to `find_package_handle_standard_args`
  (PCL_SEGMENTATION) does not match the name of the calling package (PCL).
  This can lead to problems in calling code that expects `find_package`
  result variables (e.g., `_FOUND`) to follow a certain pattern.
Call Stack (most recent call first):
  /usr/lib/x86_64-linux-gnu/cmake/pcl/PCLConfig.cmake:616 (find_package_handle_standard_args)
  TGH-Planner/TGH_Planner/bspline/CMakeLists.txt:5 (find_package)
This warning is for project developers.  Use -Wno-dev to suppress it.

-- looking for PCL_VISUALIZATION
CMake Warning (dev) at /usr/local/share/cmake-3.28/Modules/FindPackageHandleStandardArgs.cmake:438 (message):
  The package name passed to `find_package_handle_standard_args`
  (PCL_VISUALIZATION) does not match the name of the calling package (PCL).
  This can lead to problems in calling code that expects `find_package`
  result variables (e.g., `_FOUND`) to follow a certain pattern.
Call Stack (most recent call first):
  /usr/lib/x86_64-linux-gnu/cmake/pcl/PCLConfig.cmake:616 (find_package_handle_standard_args)
  TGH-Planner/TGH_Planner/bspline/CMakeLists.txt:5 (find_package)
This warning is for project developers.  Use -Wno-dev to suppress it.

-- looking for PCL_SURFACE
CMake Warning (dev) at /usr/local/share/cmake-3.28/Modules/FindPackageHandleStandardArgs.cmake:438 (message):
  The package name passed to `find_package_handle_standard_args`
  (PCL_SURFACE) does not match the name of the calling package (PCL).  This
  can lead to problems in calling code that expects `find_package` result
  variables (e.g., `_FOUND`) to follow a certain pattern.
Call Stack (most recent call first):
  /usr/lib/x86_64-linux-gnu/cmake/pcl/PCLConfig.cmake:616 (find_package_handle_standard_args)
  TGH-Planner/TGH_Planner/bspline/CMakeLists.txt:5 (find_package)
This warning is for project developers.  Use -Wno-dev to suppress it.

-- looking for PCL_REGISTRATION
CMake Warning (dev) at /usr/local/share/cmake-3.28/Modules/FindPackageHandleStandardArgs.cmake:438 (message):
  The package name passed to `find_package_handle_standard_args`
  (PCL_REGISTRATION) does not match the name of the calling package (PCL).
  This can lead to problems in calling code that expects `find_package`
  result variables (e.g., `_FOUND`) to follow a certain pattern.
Call Stack (most recent call first):
  /usr/lib/x86_64-linux-gnu/cmake/pcl/PCLConfig.cmake:616 (find_package_handle_standard_args)
  TGH-Planner/TGH_Planner/bspline/CMakeLists.txt:5 (find_package)
This warning is for project developers.  Use -Wno-dev to suppress it.

-- looking for PCL_KEYPOINTS
CMake Warning (dev) at /usr/local/share/cmake-3.28/Modules/FindPackageHandleStandardArgs.cmake:438 (message):
  The package name passed to `find_package_handle_standard_args`
  (PCL_KEYPOINTS) does not match the name of the calling package (PCL).  This
  can lead to problems in calling code that expects `find_package` result
  variables (e.g., `_FOUND`) to follow a certain pattern.
Call Stack (most recent call first):
  /usr/lib/x86_64-linux-gnu/cmake/pcl/PCLConfig.cmake:616 (find_package_handle_standard_args)
  TGH-Planner/TGH_Planner/bspline/CMakeLists.txt:5 (find_package)
This warning is for project developers.  Use -Wno-dev to suppress it.

-- looking for PCL_TRACKING
CMake Warning (dev) at /usr/local/share/cmake-3.28/Modules/FindPackageHandleStandardArgs.cmake:438 (message):
  The package name passed to `find_package_handle_standard_args`
  (PCL_TRACKING) does not match the name of the calling package (PCL).  This
  can lead to problems in calling code that expects `find_package` result
  variables (e.g., `_FOUND`) to follow a certain pattern.
Call Stack (most recent call first):
  /usr/lib/x86_64-linux-gnu/cmake/pcl/PCLConfig.cmake:616 (find_package_handle_standard_args)
  TGH-Planner/TGH_Planner/bspline/CMakeLists.txt:5 (find_package)
This warning is for project developers.  Use -Wno-dev to suppress it.

-- looking for PCL_RECOGNITION
CMake Warning (dev) at /usr/local/share/cmake-3.28/Modules/FindPackageHandleStandardArgs.cmake:438 (message):
  The package name passed to `find_package_handle_standard_args`
  (PCL_RECOGNITION) does not match the name of the calling package (PCL).
  This can lead to problems in calling code that expects `find_package`
  result variables (e.g., `_FOUND`) to follow a certain pattern.
Call Stack (most recent call first):
  /usr/lib/x86_64-linux-gnu/cmake/pcl/PCLConfig.cmake:616 (find_package_handle_standard_args)
  TGH-Planner/TGH_Planner/bspline/CMakeLists.txt:5 (find_package)
This warning is for project developers.  Use -Wno-dev to suppress it.

-- looking for PCL_STEREO
CMake Warning (dev) at /usr/local/share/cmake-3.28/Modules/FindPackageHandleStandardArgs.cmake:438 (message):
  The package name passed to `find_package_handle_standard_args` (PCL_STEREO)
  does not match the name of the calling package (PCL).  This can lead to
  problems in calling code that expects `find_package` result variables
  (e.g., `_FOUND`) to follow a certain pattern.
Call Stack (most recent call first):
  /usr/lib/x86_64-linux-gnu/cmake/pcl/PCLConfig.cmake:616 (find_package_handle_standard_args)
  TGH-Planner/TGH_Planner/bspline/CMakeLists.txt:5 (find_package)
This warning is for project developers.  Use -Wno-dev to suppress it.

-- looking for PCL_APPS
CMake Warning (dev) at /usr/local/share/cmake-3.28/Modules/FindPackageHandleStandardArgs.cmake:438 (message):
  The package name passed to `find_package_handle_standard_args` (PCL_APPS)
  does not match the name of the calling package (PCL).  This can lead to
  problems in calling code that expects `find_package` result variables
  (e.g., `_FOUND`) to follow a certain pattern.
Call Stack (most recent call first):
  /usr/lib/x86_64-linux-gnu/cmake/pcl/PCLConfig.cmake:616 (find_package_handle_standard_args)
  TGH-Planner/TGH_Planner/bspline/CMakeLists.txt:5 (find_package)
This warning is for project developers.  Use -Wno-dev to suppress it.

-- looking for PCL_IN_HAND_SCANNER
CMake Warning (dev) at /usr/local/share/cmake-3.28/Modules/FindPackageHandleStandardArgs.cmake:438 (message):
  The package name passed to `find_package_handle_standard_args`
  (PCL_IN_HAND_SCANNER) does not match the name of the calling package (PCL).
  This can lead to problems in calling code that expects `find_package`
  result variables (e.g., `_FOUND`) to follow a certain pattern.
Call Stack (most recent call first):
  /usr/lib/x86_64-linux-gnu/cmake/pcl/PCLConfig.cmake:619 (find_package_handle_standard_args)
  TGH-Planner/TGH_Planner/bspline/CMakeLists.txt:5 (find_package)
This warning is for project developers.  Use -Wno-dev to suppress it.

-- looking for PCL_POINT_CLOUD_EDITOR
CMake Warning (dev) at /usr/local/share/cmake-3.28/Modules/FindPackageHandleStandardArgs.cmake:438 (message):
  The package name passed to `find_package_handle_standard_args`
  (PCL_POINT_CLOUD_EDITOR) does not match the name of the calling package
  (PCL).  This can lead to problems in calling code that expects
  `find_package` result variables (e.g., `_FOUND`) to follow a certain
  pattern.
Call Stack (most recent call first):
  /usr/lib/x86_64-linux-gnu/cmake/pcl/PCLConfig.cmake:619 (find_package_handle_standard_args)
  TGH-Planner/TGH_Planner/bspline/CMakeLists.txt:5 (find_package)
This warning is for project developers.  Use -Wno-dev to suppress it.

-- looking for PCL_OUTOFCORE
CMake Warning (dev) at /usr/local/share/cmake-3.28/Modules/FindPackageHandleStandardArgs.cmake:438 (message):
  The package name passed to `find_package_handle_standard_args`
  (PCL_OUTOFCORE) does not match the name of the calling package (PCL).  This
  can lead to problems in calling code that expects `find_package` result
  variables (e.g., `_FOUND`) to follow a certain pattern.
Call Stack (most recent call first):
  /usr/lib/x86_64-linux-gnu/cmake/pcl/PCLConfig.cmake:616 (find_package_handle_standard_args)
  TGH-Planner/TGH_Planner/bspline/CMakeLists.txt:5 (find_package)
This warning is for project developers.  Use -Wno-dev to suppress it.

-- looking for PCL_PEOPLE
CMake Warning (dev) at /usr/local/share/cmake-3.28/Modules/FindPackageHandleStandardArgs.cmake:438 (message):
  The package name passed to `find_package_handle_standard_args` (PCL_PEOPLE)
  does not match the name of the calling package (PCL).  This can lead to
  problems in calling code that expects `find_package` result variables
  (e.g., `_FOUND`) to follow a certain pattern.
Call Stack (most recent call first):
  /usr/lib/x86_64-linux-gnu/cmake/pcl/PCLConfig.cmake:616 (find_package_handle_standard_args)
  TGH-Planner/TGH_Planner/bspline/CMakeLists.txt:5 (find_package)
This warning is for project developers.  Use -Wno-dev to suppress it.

-- Using these message generators: gencpp;geneus;genlisp;gennodejs;genpy
-- +++ processing catkin package: 'bspline_opt'
-- ==> add_subdirectory(TGH-Planner/TGH_Planner/bspline_opt)
CMake Deprecation Warning at TGH-Planner/TGH_Planner/bspline_opt/CMakeLists.txt:1 (cmake_minimum_required):
  Compatibility with CMake < 3.5 will be removed from a future version of
  CMake.

  Update the VERSION argument <min> value or use a ...<max> suffix to tell
  CMake that the project does not need compatibility with older versions.


CMake Warning (dev) at /usr/lib/x86_64-linux-gnu/cmake/pcl/PCLConfig.cmake:152 (find_package):
  Policy CMP0144 is not set: find_package uses upper-case <PACKAGENAME>_ROOT
  variables.  Run "cmake --help-policy CMP0144" for policy details.  Use the
  cmake_policy command to set the policy and suppress this warning.

  CMake variable EIGEN_ROOT is set to:

    /usr/include/eigen3

  For compatibility, find_package is ignoring the variable, but code in a
  .cmake module might still use it.
Call Stack (most recent call first):
  /usr/lib/x86_64-linux-gnu/cmake/pcl/PCLConfig.cmake:316 (find_eigen)
  /usr/lib/x86_64-linux-gnu/cmake/pcl/PCLConfig.cmake:551 (find_external_library)
  TGH-Planner/TGH_Planner/bspline_opt/CMakeLists.txt:5 (find_package)
This warning is for project developers.  Use -Wno-dev to suppress it.

-- Eigen found (include: /usr/include/eigen3, version: 3.3.7)
CMake Warning (dev) at /usr/lib/x86_64-linux-gnu/cmake/pcl/Modules/FindFLANN.cmake:44 (find_package):
  Policy CMP0144 is not set: find_package uses upper-case <PACKAGENAME>_ROOT
  variables.  Run "cmake --help-policy CMP0144" for policy details.  Use the
  cmake_policy command to set the policy and suppress this warning.

  CMake variable FLANN_ROOT is set to:

    /usr

  For compatibility, find_package is ignoring the variable, but code in a
  .cmake module might still use it.
Call Stack (most recent call first):
  /usr/lib/x86_64-linux-gnu/cmake/pcl/PCLConfig.cmake:263 (find_package)
  /usr/lib/x86_64-linux-gnu/cmake/pcl/PCLConfig.cmake:318 (find_flann)
  /usr/lib/x86_64-linux-gnu/cmake/pcl/PCLConfig.cmake:551 (find_external_library)
  TGH-Planner/TGH_Planner/bspline_opt/CMakeLists.txt:5 (find_package)
This warning is for project developers.  Use -Wno-dev to suppress it.

-- The imported target "vtkParseOGLExt" references the file
   "/usr/bin/vtkParseOGLExt-7.1"
but this file does not exist.  Possible reasons include:
* The file was deleted, renamed, or moved to another location.
* An install or uninstall procedure did not complete successfully.
* The installation package was faulty and contained
   "/usr/lib/cmake/vtk-7.1/VTKTargets.cmake"
but not all the files it references.

-- The imported target "vtkRenderingPythonTkWidgets" references the file
   "/usr/lib/x86_64-linux-gnu/libvtkRenderingPythonTkWidgets.so"
but this file does not exist.  Possible reasons include:
* The file was deleted, renamed, or moved to another location.
* An install or uninstall procedure did not complete successfully.
* The installation package was faulty and contained
   "/usr/lib/cmake/vtk-7.1/VTKTargets.cmake"
but not all the files it references.

-- The imported target "vtk" references the file
   "/usr/bin/vtk"
but this file does not exist.  Possible reasons include:
* The file was deleted, renamed, or moved to another location.
* An install or uninstall procedure did not complete successfully.
* The installation package was faulty and contained
   "/usr/lib/cmake/vtk-7.1/VTKTargets.cmake"
but not all the files it references.

-- The imported target "pvtk" references the file
   "/usr/bin/pvtk"
but this file does not exist.  Possible reasons include:
* The file was deleted, renamed, or moved to another location.
* An install or uninstall procedure did not complete successfully.
* The installation package was faulty and contained
   "/usr/lib/cmake/vtk-7.1/VTKTargets.cmake"
but not all the files it references.

CMake Warning (dev) at /usr/local/share/cmake-3.28/Modules/FindPackageHandleStandardArgs.cmake:438 (message):
  The package name passed to `find_package_handle_standard_args` (USB_10)
  does not match the name of the calling package (OpenNI).  This can lead to
  problems in calling code that expects `find_package` result variables
  (e.g., `_FOUND`) to follow a certain pattern.
Call Stack (most recent call first):
  /usr/lib/x86_64-linux-gnu/cmake/pcl/Modules/FindOpenNI.cmake:28 (find_package_handle_standard_args)
  /usr/lib/x86_64-linux-gnu/cmake/pcl/PCLConfig.cmake:179 (find_package)
  /usr/lib/x86_64-linux-gnu/cmake/pcl/PCLConfig.cmake:322 (find_openni)
  /usr/lib/x86_64-linux-gnu/cmake/pcl/PCLConfig.cmake:548 (find_external_library)
  TGH-Planner/TGH_Planner/bspline_opt/CMakeLists.txt:5 (find_package)
This warning is for project developers.  Use -Wno-dev to suppress it.

-- OpenNI found (include: /usr/include/ni, lib: /usr/lib/libOpenNI.so)
CMake Warning (dev) at /usr/local/share/cmake-3.28/Modules/FindPackageHandleStandardArgs.cmake:438 (message):
  The package name passed to `find_package_handle_standard_args` (USB_10)
  does not match the name of the calling package (OpenNI2).  This can lead to
  problems in calling code that expects `find_package` result variables
  (e.g., `_FOUND`) to follow a certain pattern.
Call Stack (most recent call first):
  /usr/lib/x86_64-linux-gnu/cmake/pcl/Modules/FindOpenNI2.cmake:28 (find_package_handle_standard_args)
  /usr/lib/x86_64-linux-gnu/cmake/pcl/PCLConfig.cmake:193 (find_package)
  /usr/lib/x86_64-linux-gnu/cmake/pcl/PCLConfig.cmake:324 (find_openni2)
  /usr/lib/x86_64-linux-gnu/cmake/pcl/PCLConfig.cmake:548 (find_external_library)
  TGH-Planner/TGH_Planner/bspline_opt/CMakeLists.txt:5 (find_package)
This warning is for project developers.  Use -Wno-dev to suppress it.

-- OpenNI2 found (include: /usr/include/openni2, lib: /usr/lib/libOpenNI2.so)
** WARNING ** io features related to pcap will be disabled
** WARNING ** io features related to png will be disabled
CMake Warning (dev) at /usr/local/share/cmake-3.28/Modules/FindPackageHandleStandardArgs.cmake:438 (message):
  The package name passed to `find_package_handle_standard_args` (libusb-1.0)
  does not match the name of the calling package (PCL).  This can lead to
  problems in calling code that expects `find_package` result variables
  (e.g., `_FOUND`) to follow a certain pattern.
Call Stack (most recent call first):
  /usr/lib/x86_64-linux-gnu/cmake/pcl/PCLConfig.cmake:291 (find_package_handle_standard_args)
  /usr/lib/x86_64-linux-gnu/cmake/pcl/PCLConfig.cmake:338 (find_libusb)
  /usr/lib/x86_64-linux-gnu/cmake/pcl/PCLConfig.cmake:548 (find_external_library)
  TGH-Planner/TGH_Planner/bspline_opt/CMakeLists.txt:5 (find_package)
This warning is for project developers.  Use -Wno-dev to suppress it.

** WARNING ** io features related to libusb-1.0 will be disabled
CMake Warning (dev) at /usr/local/share/cmake-3.28/Modules/FindPackageHandleStandardArgs.cmake:438 (message):
  The package name passed to `find_package_handle_standard_args` (USB_10)
  does not match the name of the calling package (OpenNI).  This can lead to
  problems in calling code that expects `find_package` result variables
  (e.g., `_FOUND`) to follow a certain pattern.
Call Stack (most recent call first):
  /usr/lib/x86_64-linux-gnu/cmake/pcl/Modules/FindOpenNI.cmake:28 (find_package_handle_standard_args)
  /usr/lib/x86_64-linux-gnu/cmake/pcl/PCLConfig.cmake:179 (find_package)
  /usr/lib/x86_64-linux-gnu/cmake/pcl/PCLConfig.cmake:322 (find_openni)
  /usr/lib/x86_64-linux-gnu/cmake/pcl/PCLConfig.cmake:548 (find_external_library)
  TGH-Planner/TGH_Planner/bspline_opt/CMakeLists.txt:5 (find_package)
This warning is for project developers.  Use -Wno-dev to suppress it.

-- OpenNI found (include: /usr/include/ni, lib: /usr/lib/libOpenNI.so)
CMake Warning (dev) at /usr/local/share/cmake-3.28/Modules/FindPackageHandleStandardArgs.cmake:438 (message):
  The package name passed to `find_package_handle_standard_args` (USB_10)
  does not match the name of the calling package (OpenNI2).  This can lead to
  problems in calling code that expects `find_package` result variables
  (e.g., `_FOUND`) to follow a certain pattern.
Call Stack (most recent call first):
  /usr/lib/x86_64-linux-gnu/cmake/pcl/Modules/FindOpenNI2.cmake:28 (find_package_handle_standard_args)
  /usr/lib/x86_64-linux-gnu/cmake/pcl/PCLConfig.cmake:193 (find_package)
  /usr/lib/x86_64-linux-gnu/cmake/pcl/PCLConfig.cmake:324 (find_openni2)
  /usr/lib/x86_64-linux-gnu/cmake/pcl/PCLConfig.cmake:548 (find_external_library)
  TGH-Planner/TGH_Planner/bspline_opt/CMakeLists.txt:5 (find_package)
This warning is for project developers.  Use -Wno-dev to suppress it.

-- OpenNI2 found (include: /usr/include/openni2, lib: /usr/lib/libOpenNI2.so)
CMake Warning (dev) at /usr/lib/x86_64-linux-gnu/cmake/pcl/PCLConfig.cmake:165 (find_package):
  Policy CMP0144 is not set: find_package uses upper-case <PACKAGENAME>_ROOT
  variables.  Run "cmake --help-policy CMP0144" for policy details.  Use the
  cmake_policy command to set the policy and suppress this warning.

  CMake variable QHULL_ROOT is set to:

    /usr

  For compatibility, find_package is ignoring the variable, but code in a
  .cmake module might still use it.
Call Stack (most recent call first):
  /usr/lib/x86_64-linux-gnu/cmake/pcl/PCLConfig.cmake:320 (find_qhull)
  /usr/lib/x86_64-linux-gnu/cmake/pcl/PCLConfig.cmake:548 (find_external_library)
  TGH-Planner/TGH_Planner/bspline_opt/CMakeLists.txt:5 (find_package)
This warning is for project developers.  Use -Wno-dev to suppress it.

-- Could NOT find Qhull (missing: QHULL_LIBRARIES QHULL_INCLUDE_DIRS) 
** WARNING ** surface features related to qhull will be disabled
CMake Warning (dev) at /usr/local/share/cmake-3.28/Modules/FindPackageHandleStandardArgs.cmake:438 (message):
  The package name passed to `find_package_handle_standard_args` (USB_10)
  does not match the name of the calling package (OpenNI).  This can lead to
  problems in calling code that expects `find_package` result variables
  (e.g., `_FOUND`) to follow a certain pattern.
Call Stack (most recent call first):
  /usr/lib/x86_64-linux-gnu/cmake/pcl/Modules/FindOpenNI.cmake:28 (find_package_handle_standard_args)
  /usr/lib/x86_64-linux-gnu/cmake/pcl/PCLConfig.cmake:179 (find_package)
  /usr/lib/x86_64-linux-gnu/cmake/pcl/PCLConfig.cmake:322 (find_openni)
  /usr/lib/x86_64-linux-gnu/cmake/pcl/PCLConfig.cmake:548 (find_external_library)
  TGH-Planner/TGH_Planner/bspline_opt/CMakeLists.txt:5 (find_package)
This warning is for project developers.  Use -Wno-dev to suppress it.

-- OpenNI found (include: /usr/include/ni, lib: /usr/lib/libOpenNI.so)
-- looking for PCL_COMMON
CMake Warning (dev) at /usr/local/share/cmake-3.28/Modules/FindPackageHandleStandardArgs.cmake:438 (message):
  The package name passed to `find_package_handle_standard_args` (PCL_COMMON)
  does not match the name of the calling package (PCL).  This can lead to
  problems in calling code that expects `find_package` result variables
  (e.g., `_FOUND`) to follow a certain pattern.
Call Stack (most recent call first):
  /usr/lib/x86_64-linux-gnu/cmake/pcl/PCLConfig.cmake:616 (find_package_handle_standard_args)
  TGH-Planner/TGH_Planner/bspline_opt/CMakeLists.txt:5 (find_package)
This warning is for project developers.  Use -Wno-dev to suppress it.

-- looking for PCL_KDTREE
CMake Warning (dev) at /usr/local/share/cmake-3.28/Modules/FindPackageHandleStandardArgs.cmake:438 (message):
  The package name passed to `find_package_handle_standard_args` (PCL_KDTREE)
  does not match the name of the calling package (PCL).  This can lead to
  problems in calling code that expects `find_package` result variables
  (e.g., `_FOUND`) to follow a certain pattern.
Call Stack (most recent call first):
  /usr/lib/x86_64-linux-gnu/cmake/pcl/PCLConfig.cmake:616 (find_package_handle_standard_args)
  TGH-Planner/TGH_Planner/bspline_opt/CMakeLists.txt:5 (find_package)
This warning is for project developers.  Use -Wno-dev to suppress it.

-- looking for PCL_OCTREE
CMake Warning (dev) at /usr/local/share/cmake-3.28/Modules/FindPackageHandleStandardArgs.cmake:438 (message):
  The package name passed to `find_package_handle_standard_args` (PCL_OCTREE)
  does not match the name of the calling package (PCL).  This can lead to
  problems in calling code that expects `find_package` result variables
  (e.g., `_FOUND`) to follow a certain pattern.
Call Stack (most recent call first):
  /usr/lib/x86_64-linux-gnu/cmake/pcl/PCLConfig.cmake:616 (find_package_handle_standard_args)
  TGH-Planner/TGH_Planner/bspline_opt/CMakeLists.txt:5 (find_package)
This warning is for project developers.  Use -Wno-dev to suppress it.

-- looking for PCL_SEARCH
CMake Warning (dev) at /usr/local/share/cmake-3.28/Modules/FindPackageHandleStandardArgs.cmake:438 (message):
  The package name passed to `find_package_handle_standard_args` (PCL_SEARCH)
  does not match the name of the calling package (PCL).  This can lead to
  problems in calling code that expects `find_package` result variables
  (e.g., `_FOUND`) to follow a certain pattern.
Call Stack (most recent call first):
  /usr/lib/x86_64-linux-gnu/cmake/pcl/PCLConfig.cmake:616 (find_package_handle_standard_args)
  TGH-Planner/TGH_Planner/bspline_opt/CMakeLists.txt:5 (find_package)
This warning is for project developers.  Use -Wno-dev to suppress it.

-- looking for PCL_SAMPLE_CONSENSUS
CMake Warning (dev) at /usr/local/share/cmake-3.28/Modules/FindPackageHandleStandardArgs.cmake:438 (message):
  The package name passed to `find_package_handle_standard_args`
  (PCL_SAMPLE_CONSENSUS) does not match the name of the calling package
  (PCL).  This can lead to problems in calling code that expects
  `find_package` result variables (e.g., `_FOUND`) to follow a certain
  pattern.
Call Stack (most recent call first):
  /usr/lib/x86_64-linux-gnu/cmake/pcl/PCLConfig.cmake:616 (find_package_handle_standard_args)
  TGH-Planner/TGH_Planner/bspline_opt/CMakeLists.txt:5 (find_package)
This warning is for project developers.  Use -Wno-dev to suppress it.

-- looking for PCL_FILTERS
CMake Warning (dev) at /usr/local/share/cmake-3.28/Modules/FindPackageHandleStandardArgs.cmake:438 (message):
  The package name passed to `find_package_handle_standard_args`
  (PCL_FILTERS) does not match the name of the calling package (PCL).  This
  can lead to problems in calling code that expects `find_package` result
  variables (e.g., `_FOUND`) to follow a certain pattern.
Call Stack (most recent call first):
  /usr/lib/x86_64-linux-gnu/cmake/pcl/PCLConfig.cmake:616 (find_package_handle_standard_args)
  TGH-Planner/TGH_Planner/bspline_opt/CMakeLists.txt:5 (find_package)
This warning is for project developers.  Use -Wno-dev to suppress it.

-- looking for PCL_2D
CMake Warning (dev) at /usr/local/share/cmake-3.28/Modules/FindPackageHandleStandardArgs.cmake:438 (message):
  The package name passed to `find_package_handle_standard_args` (PCL_2D)
  does not match the name of the calling package (PCL).  This can lead to
  problems in calling code that expects `find_package` result variables
  (e.g., `_FOUND`) to follow a certain pattern.
Call Stack (most recent call first):
  /usr/lib/x86_64-linux-gnu/cmake/pcl/PCLConfig.cmake:619 (find_package_handle_standard_args)
  TGH-Planner/TGH_Planner/bspline_opt/CMakeLists.txt:5 (find_package)
This warning is for project developers.  Use -Wno-dev to suppress it.

-- looking for PCL_GEOMETRY
CMake Warning (dev) at /usr/local/share/cmake-3.28/Modules/FindPackageHandleStandardArgs.cmake:438 (message):
  The package name passed to `find_package_handle_standard_args`
  (PCL_GEOMETRY) does not match the name of the calling package (PCL).  This
  can lead to problems in calling code that expects `find_package` result
  variables (e.g., `_FOUND`) to follow a certain pattern.
Call Stack (most recent call first):
  /usr/lib/x86_64-linux-gnu/cmake/pcl/PCLConfig.cmake:619 (find_package_handle_standard_args)
  TGH-Planner/TGH_Planner/bspline_opt/CMakeLists.txt:5 (find_package)
This warning is for project developers.  Use -Wno-dev to suppress it.

-- looking for PCL_IO
CMake Warning (dev) at /usr/local/share/cmake-3.28/Modules/FindPackageHandleStandardArgs.cmake:438 (message):
  The package name passed to `find_package_handle_standard_args` (PCL_IO)
  does not match the name of the calling package (PCL).  This can lead to
  problems in calling code that expects `find_package` result variables
  (e.g., `_FOUND`) to follow a certain pattern.
Call Stack (most recent call first):
  /usr/lib/x86_64-linux-gnu/cmake/pcl/PCLConfig.cmake:616 (find_package_handle_standard_args)
  TGH-Planner/TGH_Planner/bspline_opt/CMakeLists.txt:5 (find_package)
This warning is for project developers.  Use -Wno-dev to suppress it.

-- looking for PCL_FEATURES
CMake Warning (dev) at /usr/local/share/cmake-3.28/Modules/FindPackageHandleStandardArgs.cmake:438 (message):
  The package name passed to `find_package_handle_standard_args`
  (PCL_FEATURES) does not match the name of the calling package (PCL).  This
  can lead to problems in calling code that expects `find_package` result
  variables (e.g., `_FOUND`) to follow a certain pattern.
Call Stack (most recent call first):
  /usr/lib/x86_64-linux-gnu/cmake/pcl/PCLConfig.cmake:616 (find_package_handle_standard_args)
  TGH-Planner/TGH_Planner/bspline_opt/CMakeLists.txt:5 (find_package)
This warning is for project developers.  Use -Wno-dev to suppress it.

-- looking for PCL_ML
CMake Warning (dev) at /usr/local/share/cmake-3.28/Modules/FindPackageHandleStandardArgs.cmake:438 (message):
  The package name passed to `find_package_handle_standard_args` (PCL_ML)
  does not match the name of the calling package (PCL).  This can lead to
  problems in calling code that expects `find_package` result variables
  (e.g., `_FOUND`) to follow a certain pattern.
Call Stack (most recent call first):
  /usr/lib/x86_64-linux-gnu/cmake/pcl/PCLConfig.cmake:616 (find_package_handle_standard_args)
  TGH-Planner/TGH_Planner/bspline_opt/CMakeLists.txt:5 (find_package)
This warning is for project developers.  Use -Wno-dev to suppress it.

-- looking for PCL_SEGMENTATION
CMake Warning (dev) at /usr/local/share/cmake-3.28/Modules/FindPackageHandleStandardArgs.cmake:438 (message):
  The package name passed to `find_package_handle_standard_args`
  (PCL_SEGMENTATION) does not match the name of the calling package (PCL).
  This can lead to problems in calling code that expects `find_package`
  result variables (e.g., `_FOUND`) to follow a certain pattern.
Call Stack (most recent call first):
  /usr/lib/x86_64-linux-gnu/cmake/pcl/PCLConfig.cmake:616 (find_package_handle_standard_args)
  TGH-Planner/TGH_Planner/bspline_opt/CMakeLists.txt:5 (find_package)
This warning is for project developers.  Use -Wno-dev to suppress it.

-- looking for PCL_VISUALIZATION
CMake Warning (dev) at /usr/local/share/cmake-3.28/Modules/FindPackageHandleStandardArgs.cmake:438 (message):
  The package name passed to `find_package_handle_standard_args`
  (PCL_VISUALIZATION) does not match the name of the calling package (PCL).
  This can lead to problems in calling code that expects `find_package`
  result variables (e.g., `_FOUND`) to follow a certain pattern.
Call Stack (most recent call first):
  /usr/lib/x86_64-linux-gnu/cmake/pcl/PCLConfig.cmake:616 (find_package_handle_standard_args)
  TGH-Planner/TGH_Planner/bspline_opt/CMakeLists.txt:5 (find_package)
This warning is for project developers.  Use -Wno-dev to suppress it.

-- looking for PCL_SURFACE
CMake Warning (dev) at /usr/local/share/cmake-3.28/Modules/FindPackageHandleStandardArgs.cmake:438 (message):
  The package name passed to `find_package_handle_standard_args`
  (PCL_SURFACE) does not match the name of the calling package (PCL).  This
  can lead to problems in calling code that expects `find_package` result
  variables (e.g., `_FOUND`) to follow a certain pattern.
Call Stack (most recent call first):
  /usr/lib/x86_64-linux-gnu/cmake/pcl/PCLConfig.cmake:616 (find_package_handle_standard_args)
  TGH-Planner/TGH_Planner/bspline_opt/CMakeLists.txt:5 (find_package)
This warning is for project developers.  Use -Wno-dev to suppress it.

-- looking for PCL_REGISTRATION
CMake Warning (dev) at /usr/local/share/cmake-3.28/Modules/FindPackageHandleStandardArgs.cmake:438 (message):
  The package name passed to `find_package_handle_standard_args`
  (PCL_REGISTRATION) does not match the name of the calling package (PCL).
  This can lead to problems in calling code that expects `find_package`
  result variables (e.g., `_FOUND`) to follow a certain pattern.
Call Stack (most recent call first):
  /usr/lib/x86_64-linux-gnu/cmake/pcl/PCLConfig.cmake:616 (find_package_handle_standard_args)
  TGH-Planner/TGH_Planner/bspline_opt/CMakeLists.txt:5 (find_package)
This warning is for project developers.  Use -Wno-dev to suppress it.

-- looking for PCL_KEYPOINTS
CMake Warning (dev) at /usr/local/share/cmake-3.28/Modules/FindPackageHandleStandardArgs.cmake:438 (message):
  The package name passed to `find_package_handle_standard_args`
  (PCL_KEYPOINTS) does not match the name of the calling package (PCL).  This
  can lead to problems in calling code that expects `find_package` result
  variables (e.g., `_FOUND`) to follow a certain pattern.
Call Stack (most recent call first):
  /usr/lib/x86_64-linux-gnu/cmake/pcl/PCLConfig.cmake:616 (find_package_handle_standard_args)
  TGH-Planner/TGH_Planner/bspline_opt/CMakeLists.txt:5 (find_package)
This warning is for project developers.  Use -Wno-dev to suppress it.

-- looking for PCL_TRACKING
CMake Warning (dev) at /usr/local/share/cmake-3.28/Modules/FindPackageHandleStandardArgs.cmake:438 (message):
  The package name passed to `find_package_handle_standard_args`
  (PCL_TRACKING) does not match the name of the calling package (PCL).  This
  can lead to problems in calling code that expects `find_package` result
  variables (e.g., `_FOUND`) to follow a certain pattern.
Call Stack (most recent call first):
  /usr/lib/x86_64-linux-gnu/cmake/pcl/PCLConfig.cmake:616 (find_package_handle_standard_args)
  TGH-Planner/TGH_Planner/bspline_opt/CMakeLists.txt:5 (find_package)
This warning is for project developers.  Use -Wno-dev to suppress it.

-- looking for PCL_RECOGNITION
CMake Warning (dev) at /usr/local/share/cmake-3.28/Modules/FindPackageHandleStandardArgs.cmake:438 (message):
  The package name passed to `find_package_handle_standard_args`
  (PCL_RECOGNITION) does not match the name of the calling package (PCL).
  This can lead to problems in calling code that expects `find_package`
  result variables (e.g., `_FOUND`) to follow a certain pattern.
Call Stack (most recent call first):
  /usr/lib/x86_64-linux-gnu/cmake/pcl/PCLConfig.cmake:616 (find_package_handle_standard_args)
  TGH-Planner/TGH_Planner/bspline_opt/CMakeLists.txt:5 (find_package)
This warning is for project developers.  Use -Wno-dev to suppress it.

-- looking for PCL_STEREO
CMake Warning (dev) at /usr/local/share/cmake-3.28/Modules/FindPackageHandleStandardArgs.cmake:438 (message):
  The package name passed to `find_package_handle_standard_args` (PCL_STEREO)
  does not match the name of the calling package (PCL).  This can lead to
  problems in calling code that expects `find_package` result variables
  (e.g., `_FOUND`) to follow a certain pattern.
Call Stack (most recent call first):
  /usr/lib/x86_64-linux-gnu/cmake/pcl/PCLConfig.cmake:616 (find_package_handle_standard_args)
  TGH-Planner/TGH_Planner/bspline_opt/CMakeLists.txt:5 (find_package)
This warning is for project developers.  Use -Wno-dev to suppress it.

-- looking for PCL_APPS
CMake Warning (dev) at /usr/local/share/cmake-3.28/Modules/FindPackageHandleStandardArgs.cmake:438 (message):
  The package name passed to `find_package_handle_standard_args` (PCL_APPS)
  does not match the name of the calling package (PCL).  This can lead to
  problems in calling code that expects `find_package` result variables
  (e.g., `_FOUND`) to follow a certain pattern.
Call Stack (most recent call first):
  /usr/lib/x86_64-linux-gnu/cmake/pcl/PCLConfig.cmake:616 (find_package_handle_standard_args)
  TGH-Planner/TGH_Planner/bspline_opt/CMakeLists.txt:5 (find_package)
This warning is for project developers.  Use -Wno-dev to suppress it.

-- looking for PCL_IN_HAND_SCANNER
CMake Warning (dev) at /usr/local/share/cmake-3.28/Modules/FindPackageHandleStandardArgs.cmake:438 (message):
  The package name passed to `find_package_handle_standard_args`
  (PCL_IN_HAND_SCANNER) does not match the name of the calling package (PCL).
  This can lead to problems in calling code that expects `find_package`
  result variables (e.g., `_FOUND`) to follow a certain pattern.
Call Stack (most recent call first):
  /usr/lib/x86_64-linux-gnu/cmake/pcl/PCLConfig.cmake:619 (find_package_handle_standard_args)
  TGH-Planner/TGH_Planner/bspline_opt/CMakeLists.txt:5 (find_package)
This warning is for project developers.  Use -Wno-dev to suppress it.

-- looking for PCL_POINT_CLOUD_EDITOR
CMake Warning (dev) at /usr/local/share/cmake-3.28/Modules/FindPackageHandleStandardArgs.cmake:438 (message):
  The package name passed to `find_package_handle_standard_args`
  (PCL_POINT_CLOUD_EDITOR) does not match the name of the calling package
  (PCL).  This can lead to problems in calling code that expects
  `find_package` result variables (e.g., `_FOUND`) to follow a certain
  pattern.
Call Stack (most recent call first):
  /usr/lib/x86_64-linux-gnu/cmake/pcl/PCLConfig.cmake:619 (find_package_handle_standard_args)
  TGH-Planner/TGH_Planner/bspline_opt/CMakeLists.txt:5 (find_package)
This warning is for project developers.  Use -Wno-dev to suppress it.

-- looking for PCL_OUTOFCORE
CMake Warning (dev) at /usr/local/share/cmake-3.28/Modules/FindPackageHandleStandardArgs.cmake:438 (message):
  The package name passed to `find_package_handle_standard_args`
  (PCL_OUTOFCORE) does not match the name of the calling package (PCL).  This
  can lead to problems in calling code that expects `find_package` result
  variables (e.g., `_FOUND`) to follow a certain pattern.
Call Stack (most recent call first):
  /usr/lib/x86_64-linux-gnu/cmake/pcl/PCLConfig.cmake:616 (find_package_handle_standard_args)
  TGH-Planner/TGH_Planner/bspline_opt/CMakeLists.txt:5 (find_package)
This warning is for project developers.  Use -Wno-dev to suppress it.

-- looking for PCL_PEOPLE
CMake Warning (dev) at /usr/local/share/cmake-3.28/Modules/FindPackageHandleStandardArgs.cmake:438 (message):
  The package name passed to `find_package_handle_standard_args` (PCL_PEOPLE)
  does not match the name of the calling package (PCL).  This can lead to
  problems in calling code that expects `find_package` result variables
  (e.g., `_FOUND`) to follow a certain pattern.
Call Stack (most recent call first):
  /usr/lib/x86_64-linux-gnu/cmake/pcl/PCLConfig.cmake:616 (find_package_handle_standard_args)
  TGH-Planner/TGH_Planner/bspline_opt/CMakeLists.txt:5 (find_package)
This warning is for project developers.  Use -Wno-dev to suppress it.

-- Using these message generators: gencpp;geneus;genlisp;gennodejs;genpy
-- +++ processing catkin package: 'car_mpc'
-- ==> add_subdirectory(TGH-Planner/car_simulator/car_mpc)
CMake Deprecation Warning at TGH-Planner/car_simulator/car_mpc/CMakeLists.txt:1 (cmake_minimum_required):
  Compatibility with CMake < 3.5 will be removed from a future version of
  CMake.

  Update the VERSION argument <min> value or use a ...<max> suffix to tell
  CMake that the project does not need compatibility with older versions.


-- Using these message generators: gencpp;geneus;genlisp;gennodejs;genpy
-- +++ processing catkin package: 'path_searching'
-- ==> add_subdirectory(TGH-Planner/TGH_Planner/path_searching)
CMake Deprecation Warning at TGH-Planner/TGH_Planner/path_searching/CMakeLists.txt:1 (cmake_minimum_required):
  Compatibility with CMake < 3.5 will be removed from a future version of
  CMake.

  Update the VERSION argument <min> value or use a ...<max> suffix to tell
  CMake that the project does not need compatibility with older versions.


CMake Warning (dev) at /usr/lib/x86_64-linux-gnu/cmake/pcl/PCLConfig.cmake:152 (find_package):
  Policy CMP0144 is not set: find_package uses upper-case <PACKAGENAME>_ROOT
  variables.  Run "cmake --help-policy CMP0144" for policy details.  Use the
  cmake_policy command to set the policy and suppress this warning.

  CMake variable EIGEN_ROOT is set to:

    /usr/include/eigen3

  For compatibility, find_package is ignoring the variable, but code in a
  .cmake module might still use it.
Call Stack (most recent call first):
  /usr/lib/x86_64-linux-gnu/cmake/pcl/PCLConfig.cmake:316 (find_eigen)
  /usr/lib/x86_64-linux-gnu/cmake/pcl/PCLConfig.cmake:551 (find_external_library)
  TGH-Planner/TGH_Planner/path_searching/CMakeLists.txt:8 (find_package)
This warning is for project developers.  Use -Wno-dev to suppress it.

-- Eigen found (include: /usr/include/eigen3, version: 3.3.7)
CMake Warning (dev) at /usr/lib/x86_64-linux-gnu/cmake/pcl/Modules/FindFLANN.cmake:44 (find_package):
  Policy CMP0144 is not set: find_package uses upper-case <PACKAGENAME>_ROOT
  variables.  Run "cmake --help-policy CMP0144" for policy details.  Use the
  cmake_policy command to set the policy and suppress this warning.

  CMake variable FLANN_ROOT is set to:

    /usr

  For compatibility, find_package is ignoring the variable, but code in a
  .cmake module might still use it.
Call Stack (most recent call first):
  /usr/lib/x86_64-linux-gnu/cmake/pcl/PCLConfig.cmake:263 (find_package)
  /usr/lib/x86_64-linux-gnu/cmake/pcl/PCLConfig.cmake:318 (find_flann)
  /usr/lib/x86_64-linux-gnu/cmake/pcl/PCLConfig.cmake:551 (find_external_library)
  TGH-Planner/TGH_Planner/path_searching/CMakeLists.txt:8 (find_package)
This warning is for project developers.  Use -Wno-dev to suppress it.

-- The imported target "vtkParseOGLExt" references the file
   "/usr/bin/vtkParseOGLExt-7.1"
but this file does not exist.  Possible reasons include:
* The file was deleted, renamed, or moved to another location.
* An install or uninstall procedure did not complete successfully.
* The installation package was faulty and contained
   "/usr/lib/cmake/vtk-7.1/VTKTargets.cmake"
but not all the files it references.

-- The imported target "vtkRenderingPythonTkWidgets" references the file
   "/usr/lib/x86_64-linux-gnu/libvtkRenderingPythonTkWidgets.so"
but this file does not exist.  Possible reasons include:
* The file was deleted, renamed, or moved to another location.
* An install or uninstall procedure did not complete successfully.
* The installation package was faulty and contained
   "/usr/lib/cmake/vtk-7.1/VTKTargets.cmake"
but not all the files it references.

-- The imported target "vtk" references the file
   "/usr/bin/vtk"
but this file does not exist.  Possible reasons include:
* The file was deleted, renamed, or moved to another location.
* An install or uninstall procedure did not complete successfully.
* The installation package was faulty and contained
   "/usr/lib/cmake/vtk-7.1/VTKTargets.cmake"
but not all the files it references.

-- The imported target "pvtk" references the file
   "/usr/bin/pvtk"
but this file does not exist.  Possible reasons include:
* The file was deleted, renamed, or moved to another location.
* An install or uninstall procedure did not complete successfully.
* The installation package was faulty and contained
   "/usr/lib/cmake/vtk-7.1/VTKTargets.cmake"
but not all the files it references.

CMake Warning (dev) at /usr/local/share/cmake-3.28/Modules/FindPackageHandleStandardArgs.cmake:438 (message):
  The package name passed to `find_package_handle_standard_args` (USB_10)
  does not match the name of the calling package (OpenNI).  This can lead to
  problems in calling code that expects `find_package` result variables
  (e.g., `_FOUND`) to follow a certain pattern.
Call Stack (most recent call first):
  /usr/lib/x86_64-linux-gnu/cmake/pcl/Modules/FindOpenNI.cmake:28 (find_package_handle_standard_args)
  /usr/lib/x86_64-linux-gnu/cmake/pcl/PCLConfig.cmake:179 (find_package)
  /usr/lib/x86_64-linux-gnu/cmake/pcl/PCLConfig.cmake:322 (find_openni)
  /usr/lib/x86_64-linux-gnu/cmake/pcl/PCLConfig.cmake:548 (find_external_library)
  TGH-Planner/TGH_Planner/path_searching/CMakeLists.txt:8 (find_package)
This warning is for project developers.  Use -Wno-dev to suppress it.

-- OpenNI found (include: /usr/include/ni, lib: /usr/lib/libOpenNI.so)
CMake Warning (dev) at /usr/local/share/cmake-3.28/Modules/FindPackageHandleStandardArgs.cmake:438 (message):
  The package name passed to `find_package_handle_standard_args` (USB_10)
  does not match the name of the calling package (OpenNI2).  This can lead to
  problems in calling code that expects `find_package` result variables
  (e.g., `_FOUND`) to follow a certain pattern.
Call Stack (most recent call first):
  /usr/lib/x86_64-linux-gnu/cmake/pcl/Modules/FindOpenNI2.cmake:28 (find_package_handle_standard_args)
  /usr/lib/x86_64-linux-gnu/cmake/pcl/PCLConfig.cmake:193 (find_package)
  /usr/lib/x86_64-linux-gnu/cmake/pcl/PCLConfig.cmake:324 (find_openni2)
  /usr/lib/x86_64-linux-gnu/cmake/pcl/PCLConfig.cmake:548 (find_external_library)
  TGH-Planner/TGH_Planner/path_searching/CMakeLists.txt:8 (find_package)
This warning is for project developers.  Use -Wno-dev to suppress it.

-- OpenNI2 found (include: /usr/include/openni2, lib: /usr/lib/libOpenNI2.so)
** WARNING ** io features related to pcap will be disabled
** WARNING ** io features related to png will be disabled
CMake Warning (dev) at /usr/local/share/cmake-3.28/Modules/FindPackageHandleStandardArgs.cmake:438 (message):
  The package name passed to `find_package_handle_standard_args` (libusb-1.0)
  does not match the name of the calling package (PCL).  This can lead to
  problems in calling code that expects `find_package` result variables
  (e.g., `_FOUND`) to follow a certain pattern.
Call Stack (most recent call first):
  /usr/lib/x86_64-linux-gnu/cmake/pcl/PCLConfig.cmake:291 (find_package_handle_standard_args)
  /usr/lib/x86_64-linux-gnu/cmake/pcl/PCLConfig.cmake:338 (find_libusb)
  /usr/lib/x86_64-linux-gnu/cmake/pcl/PCLConfig.cmake:548 (find_external_library)
  TGH-Planner/TGH_Planner/path_searching/CMakeLists.txt:8 (find_package)
This warning is for project developers.  Use -Wno-dev to suppress it.

** WARNING ** io features related to libusb-1.0 will be disabled
CMake Warning (dev) at /usr/local/share/cmake-3.28/Modules/FindPackageHandleStandardArgs.cmake:438 (message):
  The package name passed to `find_package_handle_standard_args` (USB_10)
  does not match the name of the calling package (OpenNI).  This can lead to
  problems in calling code that expects `find_package` result variables
  (e.g., `_FOUND`) to follow a certain pattern.
Call Stack (most recent call first):
  /usr/lib/x86_64-linux-gnu/cmake/pcl/Modules/FindOpenNI.cmake:28 (find_package_handle_standard_args)
  /usr/lib/x86_64-linux-gnu/cmake/pcl/PCLConfig.cmake:179 (find_package)
  /usr/lib/x86_64-linux-gnu/cmake/pcl/PCLConfig.cmake:322 (find_openni)
  /usr/lib/x86_64-linux-gnu/cmake/pcl/PCLConfig.cmake:548 (find_external_library)
  TGH-Planner/TGH_Planner/path_searching/CMakeLists.txt:8 (find_package)
This warning is for project developers.  Use -Wno-dev to suppress it.

-- OpenNI found (include: /usr/include/ni, lib: /usr/lib/libOpenNI.so)
CMake Warning (dev) at /usr/local/share/cmake-3.28/Modules/FindPackageHandleStandardArgs.cmake:438 (message):
  The package name passed to `find_package_handle_standard_args` (USB_10)
  does not match the name of the calling package (OpenNI2).  This can lead to
  problems in calling code that expects `find_package` result variables
  (e.g., `_FOUND`) to follow a certain pattern.
Call Stack (most recent call first):
  /usr/lib/x86_64-linux-gnu/cmake/pcl/Modules/FindOpenNI2.cmake:28 (find_package_handle_standard_args)
  /usr/lib/x86_64-linux-gnu/cmake/pcl/PCLConfig.cmake:193 (find_package)
  /usr/lib/x86_64-linux-gnu/cmake/pcl/PCLConfig.cmake:324 (find_openni2)
  /usr/lib/x86_64-linux-gnu/cmake/pcl/PCLConfig.cmake:548 (find_external_library)
  TGH-Planner/TGH_Planner/path_searching/CMakeLists.txt:8 (find_package)
This warning is for project developers.  Use -Wno-dev to suppress it.

-- OpenNI2 found (include: /usr/include/openni2, lib: /usr/lib/libOpenNI2.so)
CMake Warning (dev) at /usr/lib/x86_64-linux-gnu/cmake/pcl/PCLConfig.cmake:165 (find_package):
  Policy CMP0144 is not set: find_package uses upper-case <PACKAGENAME>_ROOT
  variables.  Run "cmake --help-policy CMP0144" for policy details.  Use the
  cmake_policy command to set the policy and suppress this warning.

  CMake variable QHULL_ROOT is set to:

    /usr

  For compatibility, find_package is ignoring the variable, but code in a
  .cmake module might still use it.
Call Stack (most recent call first):
  /usr/lib/x86_64-linux-gnu/cmake/pcl/PCLConfig.cmake:320 (find_qhull)
  /usr/lib/x86_64-linux-gnu/cmake/pcl/PCLConfig.cmake:548 (find_external_library)
  TGH-Planner/TGH_Planner/path_searching/CMakeLists.txt:8 (find_package)
This warning is for project developers.  Use -Wno-dev to suppress it.

-- Could NOT find Qhull (missing: QHULL_LIBRARIES QHULL_INCLUDE_DIRS) 
** WARNING ** surface features related to qhull will be disabled
CMake Warning (dev) at /usr/local/share/cmake-3.28/Modules/FindPackageHandleStandardArgs.cmake:438 (message):
  The package name passed to `find_package_handle_standard_args` (USB_10)
  does not match the name of the calling package (OpenNI).  This can lead to
  problems in calling code that expects `find_package` result variables
  (e.g., `_FOUND`) to follow a certain pattern.
Call Stack (most recent call first):
  /usr/lib/x86_64-linux-gnu/cmake/pcl/Modules/FindOpenNI.cmake:28 (find_package_handle_standard_args)
  /usr/lib/x86_64-linux-gnu/cmake/pcl/PCLConfig.cmake:179 (find_package)
  /usr/lib/x86_64-linux-gnu/cmake/pcl/PCLConfig.cmake:322 (find_openni)
  /usr/lib/x86_64-linux-gnu/cmake/pcl/PCLConfig.cmake:548 (find_external_library)
  TGH-Planner/TGH_Planner/path_searching/CMakeLists.txt:8 (find_package)
This warning is for project developers.  Use -Wno-dev to suppress it.

-- OpenNI found (include: /usr/include/ni, lib: /usr/lib/libOpenNI.so)
-- looking for PCL_COMMON
CMake Warning (dev) at /usr/local/share/cmake-3.28/Modules/FindPackageHandleStandardArgs.cmake:438 (message):
  The package name passed to `find_package_handle_standard_args` (PCL_COMMON)
  does not match the name of the calling package (PCL).  This can lead to
  problems in calling code that expects `find_package` result variables
  (e.g., `_FOUND`) to follow a certain pattern.
Call Stack (most recent call first):
  /usr/lib/x86_64-linux-gnu/cmake/pcl/PCLConfig.cmake:616 (find_package_handle_standard_args)
  TGH-Planner/TGH_Planner/path_searching/CMakeLists.txt:8 (find_package)
This warning is for project developers.  Use -Wno-dev to suppress it.

-- looking for PCL_KDTREE
CMake Warning (dev) at /usr/local/share/cmake-3.28/Modules/FindPackageHandleStandardArgs.cmake:438 (message):
  The package name passed to `find_package_handle_standard_args` (PCL_KDTREE)
  does not match the name of the calling package (PCL).  This can lead to
  problems in calling code that expects `find_package` result variables
  (e.g., `_FOUND`) to follow a certain pattern.
Call Stack (most recent call first):
  /usr/lib/x86_64-linux-gnu/cmake/pcl/PCLConfig.cmake:616 (find_package_handle_standard_args)
  TGH-Planner/TGH_Planner/path_searching/CMakeLists.txt:8 (find_package)
This warning is for project developers.  Use -Wno-dev to suppress it.

-- looking for PCL_OCTREE
CMake Warning (dev) at /usr/local/share/cmake-3.28/Modules/FindPackageHandleStandardArgs.cmake:438 (message):
  The package name passed to `find_package_handle_standard_args` (PCL_OCTREE)
  does not match the name of the calling package (PCL).  This can lead to
  problems in calling code that expects `find_package` result variables
  (e.g., `_FOUND`) to follow a certain pattern.
Call Stack (most recent call first):
  /usr/lib/x86_64-linux-gnu/cmake/pcl/PCLConfig.cmake:616 (find_package_handle_standard_args)
  TGH-Planner/TGH_Planner/path_searching/CMakeLists.txt:8 (find_package)
This warning is for project developers.  Use -Wno-dev to suppress it.

-- looking for PCL_SEARCH
CMake Warning (dev) at /usr/local/share/cmake-3.28/Modules/FindPackageHandleStandardArgs.cmake:438 (message):
  The package name passed to `find_package_handle_standard_args` (PCL_SEARCH)
  does not match the name of the calling package (PCL).  This can lead to
  problems in calling code that expects `find_package` result variables
  (e.g., `_FOUND`) to follow a certain pattern.
Call Stack (most recent call first):
  /usr/lib/x86_64-linux-gnu/cmake/pcl/PCLConfig.cmake:616 (find_package_handle_standard_args)
  TGH-Planner/TGH_Planner/path_searching/CMakeLists.txt:8 (find_package)
This warning is for project developers.  Use -Wno-dev to suppress it.

-- looking for PCL_SAMPLE_CONSENSUS
CMake Warning (dev) at /usr/local/share/cmake-3.28/Modules/FindPackageHandleStandardArgs.cmake:438 (message):
  The package name passed to `find_package_handle_standard_args`
  (PCL_SAMPLE_CONSENSUS) does not match the name of the calling package
  (PCL).  This can lead to problems in calling code that expects
  `find_package` result variables (e.g., `_FOUND`) to follow a certain
  pattern.
Call Stack (most recent call first):
  /usr/lib/x86_64-linux-gnu/cmake/pcl/PCLConfig.cmake:616 (find_package_handle_standard_args)
  TGH-Planner/TGH_Planner/path_searching/CMakeLists.txt:8 (find_package)
This warning is for project developers.  Use -Wno-dev to suppress it.

-- looking for PCL_FILTERS
CMake Warning (dev) at /usr/local/share/cmake-3.28/Modules/FindPackageHandleStandardArgs.cmake:438 (message):
  The package name passed to `find_package_handle_standard_args`
  (PCL_FILTERS) does not match the name of the calling package (PCL).  This
  can lead to problems in calling code that expects `find_package` result
  variables (e.g., `_FOUND`) to follow a certain pattern.
Call Stack (most recent call first):
  /usr/lib/x86_64-linux-gnu/cmake/pcl/PCLConfig.cmake:616 (find_package_handle_standard_args)
  TGH-Planner/TGH_Planner/path_searching/CMakeLists.txt:8 (find_package)
This warning is for project developers.  Use -Wno-dev to suppress it.

-- looking for PCL_2D
CMake Warning (dev) at /usr/local/share/cmake-3.28/Modules/FindPackageHandleStandardArgs.cmake:438 (message):
  The package name passed to `find_package_handle_standard_args` (PCL_2D)
  does not match the name of the calling package (PCL).  This can lead to
  problems in calling code that expects `find_package` result variables
  (e.g., `_FOUND`) to follow a certain pattern.
Call Stack (most recent call first):
  /usr/lib/x86_64-linux-gnu/cmake/pcl/PCLConfig.cmake:619 (find_package_handle_standard_args)
  TGH-Planner/TGH_Planner/path_searching/CMakeLists.txt:8 (find_package)
This warning is for project developers.  Use -Wno-dev to suppress it.

-- looking for PCL_GEOMETRY
CMake Warning (dev) at /usr/local/share/cmake-3.28/Modules/FindPackageHandleStandardArgs.cmake:438 (message):
  The package name passed to `find_package_handle_standard_args`
  (PCL_GEOMETRY) does not match the name of the calling package (PCL).  This
  can lead to problems in calling code that expects `find_package` result
  variables (e.g., `_FOUND`) to follow a certain pattern.
Call Stack (most recent call first):
  /usr/lib/x86_64-linux-gnu/cmake/pcl/PCLConfig.cmake:619 (find_package_handle_standard_args)
  TGH-Planner/TGH_Planner/path_searching/CMakeLists.txt:8 (find_package)
This warning is for project developers.  Use -Wno-dev to suppress it.

-- looking for PCL_IO
CMake Warning (dev) at /usr/local/share/cmake-3.28/Modules/FindPackageHandleStandardArgs.cmake:438 (message):
  The package name passed to `find_package_handle_standard_args` (PCL_IO)
  does not match the name of the calling package (PCL).  This can lead to
  problems in calling code that expects `find_package` result variables
  (e.g., `_FOUND`) to follow a certain pattern.
Call Stack (most recent call first):
  /usr/lib/x86_64-linux-gnu/cmake/pcl/PCLConfig.cmake:616 (find_package_handle_standard_args)
  TGH-Planner/TGH_Planner/path_searching/CMakeLists.txt:8 (find_package)
This warning is for project developers.  Use -Wno-dev to suppress it.

-- looking for PCL_FEATURES
CMake Warning (dev) at /usr/local/share/cmake-3.28/Modules/FindPackageHandleStandardArgs.cmake:438 (message):
  The package name passed to `find_package_handle_standard_args`
  (PCL_FEATURES) does not match the name of the calling package (PCL).  This
  can lead to problems in calling code that expects `find_package` result
  variables (e.g., `_FOUND`) to follow a certain pattern.
Call Stack (most recent call first):
  /usr/lib/x86_64-linux-gnu/cmake/pcl/PCLConfig.cmake:616 (find_package_handle_standard_args)
  TGH-Planner/TGH_Planner/path_searching/CMakeLists.txt:8 (find_package)
This warning is for project developers.  Use -Wno-dev to suppress it.

-- looking for PCL_ML
CMake Warning (dev) at /usr/local/share/cmake-3.28/Modules/FindPackageHandleStandardArgs.cmake:438 (message):
  The package name passed to `find_package_handle_standard_args` (PCL_ML)
  does not match the name of the calling package (PCL).  This can lead to
  problems in calling code that expects `find_package` result variables
  (e.g., `_FOUND`) to follow a certain pattern.
Call Stack (most recent call first):
  /usr/lib/x86_64-linux-gnu/cmake/pcl/PCLConfig.cmake:616 (find_package_handle_standard_args)
  TGH-Planner/TGH_Planner/path_searching/CMakeLists.txt:8 (find_package)
This warning is for project developers.  Use -Wno-dev to suppress it.

-- looking for PCL_SEGMENTATION
CMake Warning (dev) at /usr/local/share/cmake-3.28/Modules/FindPackageHandleStandardArgs.cmake:438 (message):
  The package name passed to `find_package_handle_standard_args`
  (PCL_SEGMENTATION) does not match the name of the calling package (PCL).
  This can lead to problems in calling code that expects `find_package`
  result variables (e.g., `_FOUND`) to follow a certain pattern.
Call Stack (most recent call first):
  /usr/lib/x86_64-linux-gnu/cmake/pcl/PCLConfig.cmake:616 (find_package_handle_standard_args)
  TGH-Planner/TGH_Planner/path_searching/CMakeLists.txt:8 (find_package)
This warning is for project developers.  Use -Wno-dev to suppress it.

-- looking for PCL_VISUALIZATION
CMake Warning (dev) at /usr/local/share/cmake-3.28/Modules/FindPackageHandleStandardArgs.cmake:438 (message):
  The package name passed to `find_package_handle_standard_args`
  (PCL_VISUALIZATION) does not match the name of the calling package (PCL).
  This can lead to problems in calling code that expects `find_package`
  result variables (e.g., `_FOUND`) to follow a certain pattern.
Call Stack (most recent call first):
  /usr/lib/x86_64-linux-gnu/cmake/pcl/PCLConfig.cmake:616 (find_package_handle_standard_args)
  TGH-Planner/TGH_Planner/path_searching/CMakeLists.txt:8 (find_package)
This warning is for project developers.  Use -Wno-dev to suppress it.

-- looking for PCL_SURFACE
CMake Warning (dev) at /usr/local/share/cmake-3.28/Modules/FindPackageHandleStandardArgs.cmake:438 (message):
  The package name passed to `find_package_handle_standard_args`
  (PCL_SURFACE) does not match the name of the calling package (PCL).  This
  can lead to problems in calling code that expects `find_package` result
  variables (e.g., `_FOUND`) to follow a certain pattern.
Call Stack (most recent call first):
  /usr/lib/x86_64-linux-gnu/cmake/pcl/PCLConfig.cmake:616 (find_package_handle_standard_args)
  TGH-Planner/TGH_Planner/path_searching/CMakeLists.txt:8 (find_package)
This warning is for project developers.  Use -Wno-dev to suppress it.

-- looking for PCL_REGISTRATION
CMake Warning (dev) at /usr/local/share/cmake-3.28/Modules/FindPackageHandleStandardArgs.cmake:438 (message):
  The package name passed to `find_package_handle_standard_args`
  (PCL_REGISTRATION) does not match the name of the calling package (PCL).
  This can lead to problems in calling code that expects `find_package`
  result variables (e.g., `_FOUND`) to follow a certain pattern.
Call Stack (most recent call first):
  /usr/lib/x86_64-linux-gnu/cmake/pcl/PCLConfig.cmake:616 (find_package_handle_standard_args)
  TGH-Planner/TGH_Planner/path_searching/CMakeLists.txt:8 (find_package)
This warning is for project developers.  Use -Wno-dev to suppress it.

-- looking for PCL_KEYPOINTS
CMake Warning (dev) at /usr/local/share/cmake-3.28/Modules/FindPackageHandleStandardArgs.cmake:438 (message):
  The package name passed to `find_package_handle_standard_args`
  (PCL_KEYPOINTS) does not match the name of the calling package (PCL).  This
  can lead to problems in calling code that expects `find_package` result
  variables (e.g., `_FOUND`) to follow a certain pattern.
Call Stack (most recent call first):
  /usr/lib/x86_64-linux-gnu/cmake/pcl/PCLConfig.cmake:616 (find_package_handle_standard_args)
  TGH-Planner/TGH_Planner/path_searching/CMakeLists.txt:8 (find_package)
This warning is for project developers.  Use -Wno-dev to suppress it.

-- looking for PCL_TRACKING
CMake Warning (dev) at /usr/local/share/cmake-3.28/Modules/FindPackageHandleStandardArgs.cmake:438 (message):
  The package name passed to `find_package_handle_standard_args`
  (PCL_TRACKING) does not match the name of the calling package (PCL).  This
  can lead to problems in calling code that expects `find_package` result
  variables (e.g., `_FOUND`) to follow a certain pattern.
Call Stack (most recent call first):
  /usr/lib/x86_64-linux-gnu/cmake/pcl/PCLConfig.cmake:616 (find_package_handle_standard_args)
  TGH-Planner/TGH_Planner/path_searching/CMakeLists.txt:8 (find_package)
This warning is for project developers.  Use -Wno-dev to suppress it.

-- looking for PCL_RECOGNITION
CMake Warning (dev) at /usr/local/share/cmake-3.28/Modules/FindPackageHandleStandardArgs.cmake:438 (message):
  The package name passed to `find_package_handle_standard_args`
  (PCL_RECOGNITION) does not match the name of the calling package (PCL).
  This can lead to problems in calling code that expects `find_package`
  result variables (e.g., `_FOUND`) to follow a certain pattern.
Call Stack (most recent call first):
  /usr/lib/x86_64-linux-gnu/cmake/pcl/PCLConfig.cmake:616 (find_package_handle_standard_args)
  TGH-Planner/TGH_Planner/path_searching/CMakeLists.txt:8 (find_package)
This warning is for project developers.  Use -Wno-dev to suppress it.

-- looking for PCL_STEREO
CMake Warning (dev) at /usr/local/share/cmake-3.28/Modules/FindPackageHandleStandardArgs.cmake:438 (message):
  The package name passed to `find_package_handle_standard_args` (PCL_STEREO)
  does not match the name of the calling package (PCL).  This can lead to
  problems in calling code that expects `find_package` result variables
  (e.g., `_FOUND`) to follow a certain pattern.
Call Stack (most recent call first):
  /usr/lib/x86_64-linux-gnu/cmake/pcl/PCLConfig.cmake:616 (find_package_handle_standard_args)
  TGH-Planner/TGH_Planner/path_searching/CMakeLists.txt:8 (find_package)
This warning is for project developers.  Use -Wno-dev to suppress it.

-- looking for PCL_APPS
CMake Warning (dev) at /usr/local/share/cmake-3.28/Modules/FindPackageHandleStandardArgs.cmake:438 (message):
  The package name passed to `find_package_handle_standard_args` (PCL_APPS)
  does not match the name of the calling package (PCL).  This can lead to
  problems in calling code that expects `find_package` result variables
  (e.g., `_FOUND`) to follow a certain pattern.
Call Stack (most recent call first):
  /usr/lib/x86_64-linux-gnu/cmake/pcl/PCLConfig.cmake:616 (find_package_handle_standard_args)
  TGH-Planner/TGH_Planner/path_searching/CMakeLists.txt:8 (find_package)
This warning is for project developers.  Use -Wno-dev to suppress it.

-- looking for PCL_IN_HAND_SCANNER
CMake Warning (dev) at /usr/local/share/cmake-3.28/Modules/FindPackageHandleStandardArgs.cmake:438 (message):
  The package name passed to `find_package_handle_standard_args`
  (PCL_IN_HAND_SCANNER) does not match the name of the calling package (PCL).
  This can lead to problems in calling code that expects `find_package`
  result variables (e.g., `_FOUND`) to follow a certain pattern.
Call Stack (most recent call first):
  /usr/lib/x86_64-linux-gnu/cmake/pcl/PCLConfig.cmake:619 (find_package_handle_standard_args)
  TGH-Planner/TGH_Planner/path_searching/CMakeLists.txt:8 (find_package)
This warning is for project developers.  Use -Wno-dev to suppress it.

-- looking for PCL_POINT_CLOUD_EDITOR
CMake Warning (dev) at /usr/local/share/cmake-3.28/Modules/FindPackageHandleStandardArgs.cmake:438 (message):
  The package name passed to `find_package_handle_standard_args`
  (PCL_POINT_CLOUD_EDITOR) does not match the name of the calling package
  (PCL).  This can lead to problems in calling code that expects
  `find_package` result variables (e.g., `_FOUND`) to follow a certain
  pattern.
Call Stack (most recent call first):
  /usr/lib/x86_64-linux-gnu/cmake/pcl/PCLConfig.cmake:619 (find_package_handle_standard_args)
  TGH-Planner/TGH_Planner/path_searching/CMakeLists.txt:8 (find_package)
This warning is for project developers.  Use -Wno-dev to suppress it.

-- looking for PCL_OUTOFCORE
CMake Warning (dev) at /usr/local/share/cmake-3.28/Modules/FindPackageHandleStandardArgs.cmake:438 (message):
  The package name passed to `find_package_handle_standard_args`
  (PCL_OUTOFCORE) does not match the name of the calling package (PCL).  This
  can lead to problems in calling code that expects `find_package` result
  variables (e.g., `_FOUND`) to follow a certain pattern.
Call Stack (most recent call first):
  /usr/lib/x86_64-linux-gnu/cmake/pcl/PCLConfig.cmake:616 (find_package_handle_standard_args)
  TGH-Planner/TGH_Planner/path_searching/CMakeLists.txt:8 (find_package)
This warning is for project developers.  Use -Wno-dev to suppress it.

-- looking for PCL_PEOPLE
CMake Warning (dev) at /usr/local/share/cmake-3.28/Modules/FindPackageHandleStandardArgs.cmake:438 (message):
  The package name passed to `find_package_handle_standard_args` (PCL_PEOPLE)
  does not match the name of the calling package (PCL).  This can lead to
  problems in calling code that expects `find_package` result variables
  (e.g., `_FOUND`) to follow a certain pattern.
Call Stack (most recent call first):
  /usr/lib/x86_64-linux-gnu/cmake/pcl/PCLConfig.cmake:616 (find_package_handle_standard_args)
  TGH-Planner/TGH_Planner/path_searching/CMakeLists.txt:8 (find_package)
This warning is for project developers.  Use -Wno-dev to suppress it.

-- Using these message generators: gencpp;geneus;genlisp;gennodejs;genpy
-- +++ processing catkin package: 'raycast_test'
-- ==> add_subdirectory(TGH-Planner/Utils/raycast_test)
CMake Deprecation Warning at TGH-Planner/Utils/raycast_test/CMakeLists.txt:1 (cmake_minimum_required):
  Compatibility with CMake < 3.5 will be removed from a future version of
  CMake.

  Update the VERSION argument <min> value or use a ...<max> suffix to tell
  CMake that the project does not need compatibility with older versions.


-- Using these message generators: gencpp;geneus;genlisp;gennodejs;genpy
-- +++ processing catkin package: 'traj_utils'
-- ==> add_subdirectory(TGH-Planner/TGH_Planner/traj_utils)
CMake Deprecation Warning at TGH-Planner/TGH_Planner/traj_utils/CMakeLists.txt:1 (cmake_minimum_required):
  Compatibility with CMake < 3.5 will be removed from a future version of
  CMake.

  Update the VERSION argument <min> value or use a ...<max> suffix to tell
  CMake that the project does not need compatibility with older versions.


-- Using these message generators: gencpp;geneus;genlisp;gennodejs;genpy
CMake Warning (dev) at /usr/lib/x86_64-linux-gnu/cmake/pcl/PCLConfig.cmake:152 (find_package):
  Policy CMP0144 is not set: find_package uses upper-case <PACKAGENAME>_ROOT
  variables.  Run "cmake --help-policy CMP0144" for policy details.  Use the
  cmake_policy command to set the policy and suppress this warning.

  CMake variable EIGEN_ROOT is set to:

    /usr/include/eigen3

  For compatibility, find_package is ignoring the variable, but code in a
  .cmake module might still use it.
Call Stack (most recent call first):
  /usr/lib/x86_64-linux-gnu/cmake/pcl/PCLConfig.cmake:316 (find_eigen)
  /usr/lib/x86_64-linux-gnu/cmake/pcl/PCLConfig.cmake:551 (find_external_library)
  TGH-Planner/TGH_Planner/traj_utils/CMakeLists.txt:15 (find_package)
This warning is for project developers.  Use -Wno-dev to suppress it.

-- Eigen found (include: /usr/include/eigen3, version: 3.3.7)
CMake Warning (dev) at /usr/lib/x86_64-linux-gnu/cmake/pcl/Modules/FindFLANN.cmake:44 (find_package):
  Policy CMP0144 is not set: find_package uses upper-case <PACKAGENAME>_ROOT
  variables.  Run "cmake --help-policy CMP0144" for policy details.  Use the
  cmake_policy command to set the policy and suppress this warning.

  CMake variable FLANN_ROOT is set to:

    /usr

  For compatibility, find_package is ignoring the variable, but code in a
  .cmake module might still use it.
Call Stack (most recent call first):
  /usr/lib/x86_64-linux-gnu/cmake/pcl/PCLConfig.cmake:263 (find_package)
  /usr/lib/x86_64-linux-gnu/cmake/pcl/PCLConfig.cmake:318 (find_flann)
  /usr/lib/x86_64-linux-gnu/cmake/pcl/PCLConfig.cmake:551 (find_external_library)
  TGH-Planner/TGH_Planner/traj_utils/CMakeLists.txt:15 (find_package)
This warning is for project developers.  Use -Wno-dev to suppress it.

-- The imported target "vtkParseOGLExt" references the file
   "/usr/bin/vtkParseOGLExt-7.1"
but this file does not exist.  Possible reasons include:
* The file was deleted, renamed, or moved to another location.
* An install or uninstall procedure did not complete successfully.
* The installation package was faulty and contained
   "/usr/lib/cmake/vtk-7.1/VTKTargets.cmake"
but not all the files it references.

-- The imported target "vtkRenderingPythonTkWidgets" references the file
   "/usr/lib/x86_64-linux-gnu/libvtkRenderingPythonTkWidgets.so"
but this file does not exist.  Possible reasons include:
* The file was deleted, renamed, or moved to another location.
* An install or uninstall procedure did not complete successfully.
* The installation package was faulty and contained
   "/usr/lib/cmake/vtk-7.1/VTKTargets.cmake"
but not all the files it references.

-- The imported target "vtk" references the file
   "/usr/bin/vtk"
but this file does not exist.  Possible reasons include:
* The file was deleted, renamed, or moved to another location.
* An install or uninstall procedure did not complete successfully.
* The installation package was faulty and contained
   "/usr/lib/cmake/vtk-7.1/VTKTargets.cmake"
but not all the files it references.

-- The imported target "pvtk" references the file
   "/usr/bin/pvtk"
but this file does not exist.  Possible reasons include:
* The file was deleted, renamed, or moved to another location.
* An install or uninstall procedure did not complete successfully.
* The installation package was faulty and contained
   "/usr/lib/cmake/vtk-7.1/VTKTargets.cmake"
but not all the files it references.

CMake Warning (dev) at /usr/local/share/cmake-3.28/Modules/FindPackageHandleStandardArgs.cmake:438 (message):
  The package name passed to `find_package_handle_standard_args` (USB_10)
  does not match the name of the calling package (OpenNI).  This can lead to
  problems in calling code that expects `find_package` result variables
  (e.g., `_FOUND`) to follow a certain pattern.
Call Stack (most recent call first):
  /usr/lib/x86_64-linux-gnu/cmake/pcl/Modules/FindOpenNI.cmake:28 (find_package_handle_standard_args)
  /usr/lib/x86_64-linux-gnu/cmake/pcl/PCLConfig.cmake:179 (find_package)
  /usr/lib/x86_64-linux-gnu/cmake/pcl/PCLConfig.cmake:322 (find_openni)
  /usr/lib/x86_64-linux-gnu/cmake/pcl/PCLConfig.cmake:548 (find_external_library)
  TGH-Planner/TGH_Planner/traj_utils/CMakeLists.txt:15 (find_package)
This warning is for project developers.  Use -Wno-dev to suppress it.

-- OpenNI found (include: /usr/include/ni, lib: /usr/lib/libOpenNI.so)
CMake Warning (dev) at /usr/local/share/cmake-3.28/Modules/FindPackageHandleStandardArgs.cmake:438 (message):
  The package name passed to `find_package_handle_standard_args` (USB_10)
  does not match the name of the calling package (OpenNI2).  This can lead to
  problems in calling code that expects `find_package` result variables
  (e.g., `_FOUND`) to follow a certain pattern.
Call Stack (most recent call first):
  /usr/lib/x86_64-linux-gnu/cmake/pcl/Modules/FindOpenNI2.cmake:28 (find_package_handle_standard_args)
  /usr/lib/x86_64-linux-gnu/cmake/pcl/PCLConfig.cmake:193 (find_package)
  /usr/lib/x86_64-linux-gnu/cmake/pcl/PCLConfig.cmake:324 (find_openni2)
  /usr/lib/x86_64-linux-gnu/cmake/pcl/PCLConfig.cmake:548 (find_external_library)
  TGH-Planner/TGH_Planner/traj_utils/CMakeLists.txt:15 (find_package)
This warning is for project developers.  Use -Wno-dev to suppress it.

-- OpenNI2 found (include: /usr/include/openni2, lib: /usr/lib/libOpenNI2.so)
** WARNING ** io features related to pcap will be disabled
** WARNING ** io features related to png will be disabled
CMake Warning (dev) at /usr/local/share/cmake-3.28/Modules/FindPackageHandleStandardArgs.cmake:438 (message):
  The package name passed to `find_package_handle_standard_args` (libusb-1.0)
  does not match the name of the calling package (PCL).  This can lead to
  problems in calling code that expects `find_package` result variables
  (e.g., `_FOUND`) to follow a certain pattern.
Call Stack (most recent call first):
  /usr/lib/x86_64-linux-gnu/cmake/pcl/PCLConfig.cmake:291 (find_package_handle_standard_args)
  /usr/lib/x86_64-linux-gnu/cmake/pcl/PCLConfig.cmake:338 (find_libusb)
  /usr/lib/x86_64-linux-gnu/cmake/pcl/PCLConfig.cmake:548 (find_external_library)
  TGH-Planner/TGH_Planner/traj_utils/CMakeLists.txt:15 (find_package)
This warning is for project developers.  Use -Wno-dev to suppress it.

** WARNING ** io features related to libusb-1.0 will be disabled
CMake Warning (dev) at /usr/local/share/cmake-3.28/Modules/FindPackageHandleStandardArgs.cmake:438 (message):
  The package name passed to `find_package_handle_standard_args` (USB_10)
  does not match the name of the calling package (OpenNI).  This can lead to
  problems in calling code that expects `find_package` result variables
  (e.g., `_FOUND`) to follow a certain pattern.
Call Stack (most recent call first):
  /usr/lib/x86_64-linux-gnu/cmake/pcl/Modules/FindOpenNI.cmake:28 (find_package_handle_standard_args)
  /usr/lib/x86_64-linux-gnu/cmake/pcl/PCLConfig.cmake:179 (find_package)
  /usr/lib/x86_64-linux-gnu/cmake/pcl/PCLConfig.cmake:322 (find_openni)
  /usr/lib/x86_64-linux-gnu/cmake/pcl/PCLConfig.cmake:548 (find_external_library)
  TGH-Planner/TGH_Planner/traj_utils/CMakeLists.txt:15 (find_package)
This warning is for project developers.  Use -Wno-dev to suppress it.

-- OpenNI found (include: /usr/include/ni, lib: /usr/lib/libOpenNI.so)
CMake Warning (dev) at /usr/local/share/cmake-3.28/Modules/FindPackageHandleStandardArgs.cmake:438 (message):
  The package name passed to `find_package_handle_standard_args` (USB_10)
  does not match the name of the calling package (OpenNI2).  This can lead to
  problems in calling code that expects `find_package` result variables
  (e.g., `_FOUND`) to follow a certain pattern.
Call Stack (most recent call first):
  /usr/lib/x86_64-linux-gnu/cmake/pcl/Modules/FindOpenNI2.cmake:28 (find_package_handle_standard_args)
  /usr/lib/x86_64-linux-gnu/cmake/pcl/PCLConfig.cmake:193 (find_package)
  /usr/lib/x86_64-linux-gnu/cmake/pcl/PCLConfig.cmake:324 (find_openni2)
  /usr/lib/x86_64-linux-gnu/cmake/pcl/PCLConfig.cmake:548 (find_external_library)
  TGH-Planner/TGH_Planner/traj_utils/CMakeLists.txt:15 (find_package)
This warning is for project developers.  Use -Wno-dev to suppress it.

-- OpenNI2 found (include: /usr/include/openni2, lib: /usr/lib/libOpenNI2.so)
CMake Warning (dev) at /usr/lib/x86_64-linux-gnu/cmake/pcl/PCLConfig.cmake:165 (find_package):
  Policy CMP0144 is not set: find_package uses upper-case <PACKAGENAME>_ROOT
  variables.  Run "cmake --help-policy CMP0144" for policy details.  Use the
  cmake_policy command to set the policy and suppress this warning.

  CMake variable QHULL_ROOT is set to:

    /usr

  For compatibility, find_package is ignoring the variable, but code in a
  .cmake module might still use it.
Call Stack (most recent call first):
  /usr/lib/x86_64-linux-gnu/cmake/pcl/PCLConfig.cmake:320 (find_qhull)
  /usr/lib/x86_64-linux-gnu/cmake/pcl/PCLConfig.cmake:548 (find_external_library)
  TGH-Planner/TGH_Planner/traj_utils/CMakeLists.txt:15 (find_package)
This warning is for project developers.  Use -Wno-dev to suppress it.

-- Could NOT find Qhull (missing: QHULL_LIBRARIES QHULL_INCLUDE_DIRS) 
** WARNING ** surface features related to qhull will be disabled
CMake Warning (dev) at /usr/local/share/cmake-3.28/Modules/FindPackageHandleStandardArgs.cmake:438 (message):
  The package name passed to `find_package_handle_standard_args` (USB_10)
  does not match the name of the calling package (OpenNI).  This can lead to
  problems in calling code that expects `find_package` result variables
  (e.g., `_FOUND`) to follow a certain pattern.
Call Stack (most recent call first):
  /usr/lib/x86_64-linux-gnu/cmake/pcl/Modules/FindOpenNI.cmake:28 (find_package_handle_standard_args)
  /usr/lib/x86_64-linux-gnu/cmake/pcl/PCLConfig.cmake:179 (find_package)
  /usr/lib/x86_64-linux-gnu/cmake/pcl/PCLConfig.cmake:322 (find_openni)
  /usr/lib/x86_64-linux-gnu/cmake/pcl/PCLConfig.cmake:548 (find_external_library)
  TGH-Planner/TGH_Planner/traj_utils/CMakeLists.txt:15 (find_package)
This warning is for project developers.  Use -Wno-dev to suppress it.

-- OpenNI found (include: /usr/include/ni, lib: /usr/lib/libOpenNI.so)
-- looking for PCL_COMMON
CMake Warning (dev) at /usr/local/share/cmake-3.28/Modules/FindPackageHandleStandardArgs.cmake:438 (message):
  The package name passed to `find_package_handle_standard_args` (PCL_COMMON)
  does not match the name of the calling package (PCL).  This can lead to
  problems in calling code that expects `find_package` result variables
  (e.g., `_FOUND`) to follow a certain pattern.
Call Stack (most recent call first):
  /usr/lib/x86_64-linux-gnu/cmake/pcl/PCLConfig.cmake:616 (find_package_handle_standard_args)
  TGH-Planner/TGH_Planner/traj_utils/CMakeLists.txt:15 (find_package)
This warning is for project developers.  Use -Wno-dev to suppress it.

-- looking for PCL_KDTREE
CMake Warning (dev) at /usr/local/share/cmake-3.28/Modules/FindPackageHandleStandardArgs.cmake:438 (message):
  The package name passed to `find_package_handle_standard_args` (PCL_KDTREE)
  does not match the name of the calling package (PCL).  This can lead to
  problems in calling code that expects `find_package` result variables
  (e.g., `_FOUND`) to follow a certain pattern.
Call Stack (most recent call first):
  /usr/lib/x86_64-linux-gnu/cmake/pcl/PCLConfig.cmake:616 (find_package_handle_standard_args)
  TGH-Planner/TGH_Planner/traj_utils/CMakeLists.txt:15 (find_package)
This warning is for project developers.  Use -Wno-dev to suppress it.

-- looking for PCL_OCTREE
CMake Warning (dev) at /usr/local/share/cmake-3.28/Modules/FindPackageHandleStandardArgs.cmake:438 (message):
  The package name passed to `find_package_handle_standard_args` (PCL_OCTREE)
  does not match the name of the calling package (PCL).  This can lead to
  problems in calling code that expects `find_package` result variables
  (e.g., `_FOUND`) to follow a certain pattern.
Call Stack (most recent call first):
  /usr/lib/x86_64-linux-gnu/cmake/pcl/PCLConfig.cmake:616 (find_package_handle_standard_args)
  TGH-Planner/TGH_Planner/traj_utils/CMakeLists.txt:15 (find_package)
This warning is for project developers.  Use -Wno-dev to suppress it.

-- looking for PCL_SEARCH
CMake Warning (dev) at /usr/local/share/cmake-3.28/Modules/FindPackageHandleStandardArgs.cmake:438 (message):
  The package name passed to `find_package_handle_standard_args` (PCL_SEARCH)
  does not match the name of the calling package (PCL).  This can lead to
  problems in calling code that expects `find_package` result variables
  (e.g., `_FOUND`) to follow a certain pattern.
Call Stack (most recent call first):
  /usr/lib/x86_64-linux-gnu/cmake/pcl/PCLConfig.cmake:616 (find_package_handle_standard_args)
  TGH-Planner/TGH_Planner/traj_utils/CMakeLists.txt:15 (find_package)
This warning is for project developers.  Use -Wno-dev to suppress it.

-- looking for PCL_SAMPLE_CONSENSUS
CMake Warning (dev) at /usr/local/share/cmake-3.28/Modules/FindPackageHandleStandardArgs.cmake:438 (message):
  The package name passed to `find_package_handle_standard_args`
  (PCL_SAMPLE_CONSENSUS) does not match the name of the calling package
  (PCL).  This can lead to problems in calling code that expects
  `find_package` result variables (e.g., `_FOUND`) to follow a certain
  pattern.
Call Stack (most recent call first):
  /usr/lib/x86_64-linux-gnu/cmake/pcl/PCLConfig.cmake:616 (find_package_handle_standard_args)
  TGH-Planner/TGH_Planner/traj_utils/CMakeLists.txt:15 (find_package)
This warning is for project developers.  Use -Wno-dev to suppress it.

-- looking for PCL_FILTERS
CMake Warning (dev) at /usr/local/share/cmake-3.28/Modules/FindPackageHandleStandardArgs.cmake:438 (message):
  The package name passed to `find_package_handle_standard_args`
  (PCL_FILTERS) does not match the name of the calling package (PCL).  This
  can lead to problems in calling code that expects `find_package` result
  variables (e.g., `_FOUND`) to follow a certain pattern.
Call Stack (most recent call first):
  /usr/lib/x86_64-linux-gnu/cmake/pcl/PCLConfig.cmake:616 (find_package_handle_standard_args)
  TGH-Planner/TGH_Planner/traj_utils/CMakeLists.txt:15 (find_package)
This warning is for project developers.  Use -Wno-dev to suppress it.

-- looking for PCL_2D
CMake Warning (dev) at /usr/local/share/cmake-3.28/Modules/FindPackageHandleStandardArgs.cmake:438 (message):
  The package name passed to `find_package_handle_standard_args` (PCL_2D)
  does not match the name of the calling package (PCL).  This can lead to
  problems in calling code that expects `find_package` result variables
  (e.g., `_FOUND`) to follow a certain pattern.
Call Stack (most recent call first):
  /usr/lib/x86_64-linux-gnu/cmake/pcl/PCLConfig.cmake:619 (find_package_handle_standard_args)
  TGH-Planner/TGH_Planner/traj_utils/CMakeLists.txt:15 (find_package)
This warning is for project developers.  Use -Wno-dev to suppress it.

-- looking for PCL_GEOMETRY
CMake Warning (dev) at /usr/local/share/cmake-3.28/Modules/FindPackageHandleStandardArgs.cmake:438 (message):
  The package name passed to `find_package_handle_standard_args`
  (PCL_GEOMETRY) does not match the name of the calling package (PCL).  This
  can lead to problems in calling code that expects `find_package` result
  variables (e.g., `_FOUND`) to follow a certain pattern.
Call Stack (most recent call first):
  /usr/lib/x86_64-linux-gnu/cmake/pcl/PCLConfig.cmake:619 (find_package_handle_standard_args)
  TGH-Planner/TGH_Planner/traj_utils/CMakeLists.txt:15 (find_package)
This warning is for project developers.  Use -Wno-dev to suppress it.

-- looking for PCL_IO
CMake Warning (dev) at /usr/local/share/cmake-3.28/Modules/FindPackageHandleStandardArgs.cmake:438 (message):
  The package name passed to `find_package_handle_standard_args` (PCL_IO)
  does not match the name of the calling package (PCL).  This can lead to
  problems in calling code that expects `find_package` result variables
  (e.g., `_FOUND`) to follow a certain pattern.
Call Stack (most recent call first):
  /usr/lib/x86_64-linux-gnu/cmake/pcl/PCLConfig.cmake:616 (find_package_handle_standard_args)
  TGH-Planner/TGH_Planner/traj_utils/CMakeLists.txt:15 (find_package)
This warning is for project developers.  Use -Wno-dev to suppress it.

-- looking for PCL_FEATURES
CMake Warning (dev) at /usr/local/share/cmake-3.28/Modules/FindPackageHandleStandardArgs.cmake:438 (message):
  The package name passed to `find_package_handle_standard_args`
  (PCL_FEATURES) does not match the name of the calling package (PCL).  This
  can lead to problems in calling code that expects `find_package` result
  variables (e.g., `_FOUND`) to follow a certain pattern.
Call Stack (most recent call first):
  /usr/lib/x86_64-linux-gnu/cmake/pcl/PCLConfig.cmake:616 (find_package_handle_standard_args)
  TGH-Planner/TGH_Planner/traj_utils/CMakeLists.txt:15 (find_package)
This warning is for project developers.  Use -Wno-dev to suppress it.

-- looking for PCL_ML
CMake Warning (dev) at /usr/local/share/cmake-3.28/Modules/FindPackageHandleStandardArgs.cmake:438 (message):
  The package name passed to `find_package_handle_standard_args` (PCL_ML)
  does not match the name of the calling package (PCL).  This can lead to
  problems in calling code that expects `find_package` result variables
  (e.g., `_FOUND`) to follow a certain pattern.
Call Stack (most recent call first):
  /usr/lib/x86_64-linux-gnu/cmake/pcl/PCLConfig.cmake:616 (find_package_handle_standard_args)
  TGH-Planner/TGH_Planner/traj_utils/CMakeLists.txt:15 (find_package)
This warning is for project developers.  Use -Wno-dev to suppress it.

-- looking for PCL_SEGMENTATION
CMake Warning (dev) at /usr/local/share/cmake-3.28/Modules/FindPackageHandleStandardArgs.cmake:438 (message):
  The package name passed to `find_package_handle_standard_args`
  (PCL_SEGMENTATION) does not match the name of the calling package (PCL).
  This can lead to problems in calling code that expects `find_package`
  result variables (e.g., `_FOUND`) to follow a certain pattern.
Call Stack (most recent call first):
  /usr/lib/x86_64-linux-gnu/cmake/pcl/PCLConfig.cmake:616 (find_package_handle_standard_args)
  TGH-Planner/TGH_Planner/traj_utils/CMakeLists.txt:15 (find_package)
This warning is for project developers.  Use -Wno-dev to suppress it.

-- looking for PCL_VISUALIZATION
CMake Warning (dev) at /usr/local/share/cmake-3.28/Modules/FindPackageHandleStandardArgs.cmake:438 (message):
  The package name passed to `find_package_handle_standard_args`
  (PCL_VISUALIZATION) does not match the name of the calling package (PCL).
  This can lead to problems in calling code that expects `find_package`
  result variables (e.g., `_FOUND`) to follow a certain pattern.
Call Stack (most recent call first):
  /usr/lib/x86_64-linux-gnu/cmake/pcl/PCLConfig.cmake:616 (find_package_handle_standard_args)
  TGH-Planner/TGH_Planner/traj_utils/CMakeLists.txt:15 (find_package)
This warning is for project developers.  Use -Wno-dev to suppress it.

-- looking for PCL_SURFACE
CMake Warning (dev) at /usr/local/share/cmake-3.28/Modules/FindPackageHandleStandardArgs.cmake:438 (message):
  The package name passed to `find_package_handle_standard_args`
  (PCL_SURFACE) does not match the name of the calling package (PCL).  This
  can lead to problems in calling code that expects `find_package` result
  variables (e.g., `_FOUND`) to follow a certain pattern.
Call Stack (most recent call first):
  /usr/lib/x86_64-linux-gnu/cmake/pcl/PCLConfig.cmake:616 (find_package_handle_standard_args)
  TGH-Planner/TGH_Planner/traj_utils/CMakeLists.txt:15 (find_package)
This warning is for project developers.  Use -Wno-dev to suppress it.

-- looking for PCL_REGISTRATION
CMake Warning (dev) at /usr/local/share/cmake-3.28/Modules/FindPackageHandleStandardArgs.cmake:438 (message):
  The package name passed to `find_package_handle_standard_args`
  (PCL_REGISTRATION) does not match the name of the calling package (PCL).
  This can lead to problems in calling code that expects `find_package`
  result variables (e.g., `_FOUND`) to follow a certain pattern.
Call Stack (most recent call first):
  /usr/lib/x86_64-linux-gnu/cmake/pcl/PCLConfig.cmake:616 (find_package_handle_standard_args)
  TGH-Planner/TGH_Planner/traj_utils/CMakeLists.txt:15 (find_package)
This warning is for project developers.  Use -Wno-dev to suppress it.

-- looking for PCL_KEYPOINTS
CMake Warning (dev) at /usr/local/share/cmake-3.28/Modules/FindPackageHandleStandardArgs.cmake:438 (message):
  The package name passed to `find_package_handle_standard_args`
  (PCL_KEYPOINTS) does not match the name of the calling package (PCL).  This
  can lead to problems in calling code that expects `find_package` result
  variables (e.g., `_FOUND`) to follow a certain pattern.
Call Stack (most recent call first):
  /usr/lib/x86_64-linux-gnu/cmake/pcl/PCLConfig.cmake:616 (find_package_handle_standard_args)
  TGH-Planner/TGH_Planner/traj_utils/CMakeLists.txt:15 (find_package)
This warning is for project developers.  Use -Wno-dev to suppress it.

-- looking for PCL_TRACKING
CMake Warning (dev) at /usr/local/share/cmake-3.28/Modules/FindPackageHandleStandardArgs.cmake:438 (message):
  The package name passed to `find_package_handle_standard_args`
  (PCL_TRACKING) does not match the name of the calling package (PCL).  This
  can lead to problems in calling code that expects `find_package` result
  variables (e.g., `_FOUND`) to follow a certain pattern.
Call Stack (most recent call first):
  /usr/lib/x86_64-linux-gnu/cmake/pcl/PCLConfig.cmake:616 (find_package_handle_standard_args)
  TGH-Planner/TGH_Planner/traj_utils/CMakeLists.txt:15 (find_package)
This warning is for project developers.  Use -Wno-dev to suppress it.

-- looking for PCL_RECOGNITION
CMake Warning (dev) at /usr/local/share/cmake-3.28/Modules/FindPackageHandleStandardArgs.cmake:438 (message):
  The package name passed to `find_package_handle_standard_args`
  (PCL_RECOGNITION) does not match the name of the calling package (PCL).
  This can lead to problems in calling code that expects `find_package`
  result variables (e.g., `_FOUND`) to follow a certain pattern.
Call Stack (most recent call first):
  /usr/lib/x86_64-linux-gnu/cmake/pcl/PCLConfig.cmake:616 (find_package_handle_standard_args)
  TGH-Planner/TGH_Planner/traj_utils/CMakeLists.txt:15 (find_package)
This warning is for project developers.  Use -Wno-dev to suppress it.

-- looking for PCL_STEREO
CMake Warning (dev) at /usr/local/share/cmake-3.28/Modules/FindPackageHandleStandardArgs.cmake:438 (message):
  The package name passed to `find_package_handle_standard_args` (PCL_STEREO)
  does not match the name of the calling package (PCL).  This can lead to
  problems in calling code that expects `find_package` result variables
  (e.g., `_FOUND`) to follow a certain pattern.
Call Stack (most recent call first):
  /usr/lib/x86_64-linux-gnu/cmake/pcl/PCLConfig.cmake:616 (find_package_handle_standard_args)
  TGH-Planner/TGH_Planner/traj_utils/CMakeLists.txt:15 (find_package)
This warning is for project developers.  Use -Wno-dev to suppress it.

-- looking for PCL_APPS
CMake Warning (dev) at /usr/local/share/cmake-3.28/Modules/FindPackageHandleStandardArgs.cmake:438 (message):
  The package name passed to `find_package_handle_standard_args` (PCL_APPS)
  does not match the name of the calling package (PCL).  This can lead to
  problems in calling code that expects `find_package` result variables
  (e.g., `_FOUND`) to follow a certain pattern.
Call Stack (most recent call first):
  /usr/lib/x86_64-linux-gnu/cmake/pcl/PCLConfig.cmake:616 (find_package_handle_standard_args)
  TGH-Planner/TGH_Planner/traj_utils/CMakeLists.txt:15 (find_package)
This warning is for project developers.  Use -Wno-dev to suppress it.

-- looking for PCL_IN_HAND_SCANNER
CMake Warning (dev) at /usr/local/share/cmake-3.28/Modules/FindPackageHandleStandardArgs.cmake:438 (message):
  The package name passed to `find_package_handle_standard_args`
  (PCL_IN_HAND_SCANNER) does not match the name of the calling package (PCL).
  This can lead to problems in calling code that expects `find_package`
  result variables (e.g., `_FOUND`) to follow a certain pattern.
Call Stack (most recent call first):
  /usr/lib/x86_64-linux-gnu/cmake/pcl/PCLConfig.cmake:619 (find_package_handle_standard_args)
  TGH-Planner/TGH_Planner/traj_utils/CMakeLists.txt:15 (find_package)
This warning is for project developers.  Use -Wno-dev to suppress it.

-- looking for PCL_POINT_CLOUD_EDITOR
CMake Warning (dev) at /usr/local/share/cmake-3.28/Modules/FindPackageHandleStandardArgs.cmake:438 (message):
  The package name passed to `find_package_handle_standard_args`
  (PCL_POINT_CLOUD_EDITOR) does not match the name of the calling package
  (PCL).  This can lead to problems in calling code that expects
  `find_package` result variables (e.g., `_FOUND`) to follow a certain
  pattern.
Call Stack (most recent call first):
  /usr/lib/x86_64-linux-gnu/cmake/pcl/PCLConfig.cmake:619 (find_package_handle_standard_args)
  TGH-Planner/TGH_Planner/traj_utils/CMakeLists.txt:15 (find_package)
This warning is for project developers.  Use -Wno-dev to suppress it.

-- looking for PCL_OUTOFCORE
CMake Warning (dev) at /usr/local/share/cmake-3.28/Modules/FindPackageHandleStandardArgs.cmake:438 (message):
  The package name passed to `find_package_handle_standard_args`
  (PCL_OUTOFCORE) does not match the name of the calling package (PCL).  This
  can lead to problems in calling code that expects `find_package` result
  variables (e.g., `_FOUND`) to follow a certain pattern.
Call Stack (most recent call first):
  /usr/lib/x86_64-linux-gnu/cmake/pcl/PCLConfig.cmake:616 (find_package_handle_standard_args)
  TGH-Planner/TGH_Planner/traj_utils/CMakeLists.txt:15 (find_package)
This warning is for project developers.  Use -Wno-dev to suppress it.

-- looking for PCL_PEOPLE
CMake Warning (dev) at /usr/local/share/cmake-3.28/Modules/FindPackageHandleStandardArgs.cmake:438 (message):
  The package name passed to `find_package_handle_standard_args` (PCL_PEOPLE)
  does not match the name of the calling package (PCL).  This can lead to
  problems in calling code that expects `find_package` result variables
  (e.g., `_FOUND`) to follow a certain pattern.
Call Stack (most recent call first):
  /usr/lib/x86_64-linux-gnu/cmake/pcl/PCLConfig.cmake:616 (find_package_handle_standard_args)
  TGH-Planner/TGH_Planner/traj_utils/CMakeLists.txt:15 (find_package)
This warning is for project developers.  Use -Wno-dev to suppress it.

-- +++ processing catkin package: 'plan_manage'
-- ==> add_subdirectory(TGH-Planner/TGH_Planner/plan_manage)
CMake Deprecation Warning at TGH-Planner/TGH_Planner/plan_manage/CMakeLists.txt:1 (cmake_minimum_required):
  Compatibility with CMake < 3.5 will be removed from a future version of
  CMake.

  Update the VERSION argument <min> value or use a ...<max> suffix to tell
  CMake that the project does not need compatibility with older versions.


CMake Warning (dev) at /usr/lib/x86_64-linux-gnu/cmake/pcl/PCLConfig.cmake:152 (find_package):
  Policy CMP0144 is not set: find_package uses upper-case <PACKAGENAME>_ROOT
  variables.  Run "cmake --help-policy CMP0144" for policy details.  Use the
  cmake_policy command to set the policy and suppress this warning.

  CMake variable EIGEN_ROOT is set to:

    /usr/include/eigen3

  For compatibility, find_package is ignoring the variable, but code in a
  .cmake module might still use it.
Call Stack (most recent call first):
  /usr/lib/x86_64-linux-gnu/cmake/pcl/PCLConfig.cmake:316 (find_eigen)
  /usr/lib/x86_64-linux-gnu/cmake/pcl/PCLConfig.cmake:551 (find_external_library)
  TGH-Planner/TGH_Planner/plan_manage/CMakeLists.txt:9 (find_package)
This warning is for project developers.  Use -Wno-dev to suppress it.

-- Eigen found (include: /usr/include/eigen3, version: 3.3.7)
CMake Warning (dev) at /usr/lib/x86_64-linux-gnu/cmake/pcl/Modules/FindFLANN.cmake:44 (find_package):
  Policy CMP0144 is not set: find_package uses upper-case <PACKAGENAME>_ROOT
  variables.  Run "cmake --help-policy CMP0144" for policy details.  Use the
  cmake_policy command to set the policy and suppress this warning.

  CMake variable FLANN_ROOT is set to:

    /usr

  For compatibility, find_package is ignoring the variable, but code in a
  .cmake module might still use it.
Call Stack (most recent call first):
  /usr/lib/x86_64-linux-gnu/cmake/pcl/PCLConfig.cmake:263 (find_package)
  /usr/lib/x86_64-linux-gnu/cmake/pcl/PCLConfig.cmake:318 (find_flann)
  /usr/lib/x86_64-linux-gnu/cmake/pcl/PCLConfig.cmake:551 (find_external_library)
  TGH-Planner/TGH_Planner/plan_manage/CMakeLists.txt:9 (find_package)
This warning is for project developers.  Use -Wno-dev to suppress it.

-- The imported target "vtkParseOGLExt" references the file
   "/usr/bin/vtkParseOGLExt-7.1"
but this file does not exist.  Possible reasons include:
* The file was deleted, renamed, or moved to another location.
* An install or uninstall procedure did not complete successfully.
* The installation package was faulty and contained
   "/usr/lib/cmake/vtk-7.1/VTKTargets.cmake"
but not all the files it references.

-- The imported target "vtkRenderingPythonTkWidgets" references the file
   "/usr/lib/x86_64-linux-gnu/libvtkRenderingPythonTkWidgets.so"
but this file does not exist.  Possible reasons include:
* The file was deleted, renamed, or moved to another location.
* An install or uninstall procedure did not complete successfully.
* The installation package was faulty and contained
   "/usr/lib/cmake/vtk-7.1/VTKTargets.cmake"
but not all the files it references.

-- The imported target "vtk" references the file
   "/usr/bin/vtk"
but this file does not exist.  Possible reasons include:
* The file was deleted, renamed, or moved to another location.
* An install or uninstall procedure did not complete successfully.
* The installation package was faulty and contained
   "/usr/lib/cmake/vtk-7.1/VTKTargets.cmake"
but not all the files it references.

-- The imported target "pvtk" references the file
   "/usr/bin/pvtk"
but this file does not exist.  Possible reasons include:
* The file was deleted, renamed, or moved to another location.
* An install or uninstall procedure did not complete successfully.
* The installation package was faulty and contained
   "/usr/lib/cmake/vtk-7.1/VTKTargets.cmake"
but not all the files it references.

CMake Warning (dev) at /usr/local/share/cmake-3.28/Modules/FindPackageHandleStandardArgs.cmake:438 (message):
  The package name passed to `find_package_handle_standard_args` (USB_10)
  does not match the name of the calling package (OpenNI).  This can lead to
  problems in calling code that expects `find_package` result variables
  (e.g., `_FOUND`) to follow a certain pattern.
Call Stack (most recent call first):
  /usr/lib/x86_64-linux-gnu/cmake/pcl/Modules/FindOpenNI.cmake:28 (find_package_handle_standard_args)
  /usr/lib/x86_64-linux-gnu/cmake/pcl/PCLConfig.cmake:179 (find_package)
  /usr/lib/x86_64-linux-gnu/cmake/pcl/PCLConfig.cmake:322 (find_openni)
  /usr/lib/x86_64-linux-gnu/cmake/pcl/PCLConfig.cmake:548 (find_external_library)
  TGH-Planner/TGH_Planner/plan_manage/CMakeLists.txt:9 (find_package)
This warning is for project developers.  Use -Wno-dev to suppress it.

-- OpenNI found (include: /usr/include/ni, lib: /usr/lib/libOpenNI.so)
CMake Warning (dev) at /usr/local/share/cmake-3.28/Modules/FindPackageHandleStandardArgs.cmake:438 (message):
  The package name passed to `find_package_handle_standard_args` (USB_10)
  does not match the name of the calling package (OpenNI2).  This can lead to
  problems in calling code that expects `find_package` result variables
  (e.g., `_FOUND`) to follow a certain pattern.
Call Stack (most recent call first):
  /usr/lib/x86_64-linux-gnu/cmake/pcl/Modules/FindOpenNI2.cmake:28 (find_package_handle_standard_args)
  /usr/lib/x86_64-linux-gnu/cmake/pcl/PCLConfig.cmake:193 (find_package)
  /usr/lib/x86_64-linux-gnu/cmake/pcl/PCLConfig.cmake:324 (find_openni2)
  /usr/lib/x86_64-linux-gnu/cmake/pcl/PCLConfig.cmake:548 (find_external_library)
  TGH-Planner/TGH_Planner/plan_manage/CMakeLists.txt:9 (find_package)
This warning is for project developers.  Use -Wno-dev to suppress it.

-- OpenNI2 found (include: /usr/include/openni2, lib: /usr/lib/libOpenNI2.so)
** WARNING ** io features related to pcap will be disabled
** WARNING ** io features related to png will be disabled
CMake Warning (dev) at /usr/local/share/cmake-3.28/Modules/FindPackageHandleStandardArgs.cmake:438 (message):
  The package name passed to `find_package_handle_standard_args` (libusb-1.0)
  does not match the name of the calling package (PCL).  This can lead to
  problems in calling code that expects `find_package` result variables
  (e.g., `_FOUND`) to follow a certain pattern.
Call Stack (most recent call first):
  /usr/lib/x86_64-linux-gnu/cmake/pcl/PCLConfig.cmake:291 (find_package_handle_standard_args)
  /usr/lib/x86_64-linux-gnu/cmake/pcl/PCLConfig.cmake:338 (find_libusb)
  /usr/lib/x86_64-linux-gnu/cmake/pcl/PCLConfig.cmake:548 (find_external_library)
  TGH-Planner/TGH_Planner/plan_manage/CMakeLists.txt:9 (find_package)
This warning is for project developers.  Use -Wno-dev to suppress it.

** WARNING ** io features related to libusb-1.0 will be disabled
CMake Warning (dev) at /usr/local/share/cmake-3.28/Modules/FindPackageHandleStandardArgs.cmake:438 (message):
  The package name passed to `find_package_handle_standard_args` (USB_10)
  does not match the name of the calling package (OpenNI).  This can lead to
  problems in calling code that expects `find_package` result variables
  (e.g., `_FOUND`) to follow a certain pattern.
Call Stack (most recent call first):
  /usr/lib/x86_64-linux-gnu/cmake/pcl/Modules/FindOpenNI.cmake:28 (find_package_handle_standard_args)
  /usr/lib/x86_64-linux-gnu/cmake/pcl/PCLConfig.cmake:179 (find_package)
  /usr/lib/x86_64-linux-gnu/cmake/pcl/PCLConfig.cmake:322 (find_openni)
  /usr/lib/x86_64-linux-gnu/cmake/pcl/PCLConfig.cmake:548 (find_external_library)
  TGH-Planner/TGH_Planner/plan_manage/CMakeLists.txt:9 (find_package)
This warning is for project developers.  Use -Wno-dev to suppress it.

-- OpenNI found (include: /usr/include/ni, lib: /usr/lib/libOpenNI.so)
CMake Warning (dev) at /usr/local/share/cmake-3.28/Modules/FindPackageHandleStandardArgs.cmake:438 (message):
  The package name passed to `find_package_handle_standard_args` (USB_10)
  does not match the name of the calling package (OpenNI2).  This can lead to
  problems in calling code that expects `find_package` result variables
  (e.g., `_FOUND`) to follow a certain pattern.
Call Stack (most recent call first):
  /usr/lib/x86_64-linux-gnu/cmake/pcl/Modules/FindOpenNI2.cmake:28 (find_package_handle_standard_args)
  /usr/lib/x86_64-linux-gnu/cmake/pcl/PCLConfig.cmake:193 (find_package)
  /usr/lib/x86_64-linux-gnu/cmake/pcl/PCLConfig.cmake:324 (find_openni2)
  /usr/lib/x86_64-linux-gnu/cmake/pcl/PCLConfig.cmake:548 (find_external_library)
  TGH-Planner/TGH_Planner/plan_manage/CMakeLists.txt:9 (find_package)
This warning is for project developers.  Use -Wno-dev to suppress it.

-- OpenNI2 found (include: /usr/include/openni2, lib: /usr/lib/libOpenNI2.so)
CMake Warning (dev) at /usr/lib/x86_64-linux-gnu/cmake/pcl/PCLConfig.cmake:165 (find_package):
  Policy CMP0144 is not set: find_package uses upper-case <PACKAGENAME>_ROOT
  variables.  Run "cmake --help-policy CMP0144" for policy details.  Use the
  cmake_policy command to set the policy and suppress this warning.

  CMake variable QHULL_ROOT is set to:

    /usr

  For compatibility, find_package is ignoring the variable, but code in a
  .cmake module might still use it.
Call Stack (most recent call first):
  /usr/lib/x86_64-linux-gnu/cmake/pcl/PCLConfig.cmake:320 (find_qhull)
  /usr/lib/x86_64-linux-gnu/cmake/pcl/PCLConfig.cmake:548 (find_external_library)
  TGH-Planner/TGH_Planner/plan_manage/CMakeLists.txt:9 (find_package)
This warning is for project developers.  Use -Wno-dev to suppress it.

-- Could NOT find Qhull (missing: QHULL_LIBRARIES QHULL_INCLUDE_DIRS) 
** WARNING ** surface features related to qhull will be disabled
CMake Warning (dev) at /usr/local/share/cmake-3.28/Modules/FindPackageHandleStandardArgs.cmake:438 (message):
  The package name passed to `find_package_handle_standard_args` (USB_10)
  does not match the name of the calling package (OpenNI).  This can lead to
  problems in calling code that expects `find_package` result variables
  (e.g., `_FOUND`) to follow a certain pattern.
Call Stack (most recent call first):
  /usr/lib/x86_64-linux-gnu/cmake/pcl/Modules/FindOpenNI.cmake:28 (find_package_handle_standard_args)
  /usr/lib/x86_64-linux-gnu/cmake/pcl/PCLConfig.cmake:179 (find_package)
  /usr/lib/x86_64-linux-gnu/cmake/pcl/PCLConfig.cmake:322 (find_openni)
  /usr/lib/x86_64-linux-gnu/cmake/pcl/PCLConfig.cmake:548 (find_external_library)
  TGH-Planner/TGH_Planner/plan_manage/CMakeLists.txt:9 (find_package)
This warning is for project developers.  Use -Wno-dev to suppress it.

-- OpenNI found (include: /usr/include/ni, lib: /usr/lib/libOpenNI.so)
-- looking for PCL_COMMON
CMake Warning (dev) at /usr/local/share/cmake-3.28/Modules/FindPackageHandleStandardArgs.cmake:438 (message):
  The package name passed to `find_package_handle_standard_args` (PCL_COMMON)
  does not match the name of the calling package (PCL).  This can lead to
  problems in calling code that expects `find_package` result variables
  (e.g., `_FOUND`) to follow a certain pattern.
Call Stack (most recent call first):
  /usr/lib/x86_64-linux-gnu/cmake/pcl/PCLConfig.cmake:616 (find_package_handle_standard_args)
  TGH-Planner/TGH_Planner/plan_manage/CMakeLists.txt:9 (find_package)
This warning is for project developers.  Use -Wno-dev to suppress it.

-- looking for PCL_KDTREE
CMake Warning (dev) at /usr/local/share/cmake-3.28/Modules/FindPackageHandleStandardArgs.cmake:438 (message):
  The package name passed to `find_package_handle_standard_args` (PCL_KDTREE)
  does not match the name of the calling package (PCL).  This can lead to
  problems in calling code that expects `find_package` result variables
  (e.g., `_FOUND`) to follow a certain pattern.
Call Stack (most recent call first):
  /usr/lib/x86_64-linux-gnu/cmake/pcl/PCLConfig.cmake:616 (find_package_handle_standard_args)
  TGH-Planner/TGH_Planner/plan_manage/CMakeLists.txt:9 (find_package)
This warning is for project developers.  Use -Wno-dev to suppress it.

-- looking for PCL_OCTREE
CMake Warning (dev) at /usr/local/share/cmake-3.28/Modules/FindPackageHandleStandardArgs.cmake:438 (message):
  The package name passed to `find_package_handle_standard_args` (PCL_OCTREE)
  does not match the name of the calling package (PCL).  This can lead to
  problems in calling code that expects `find_package` result variables
  (e.g., `_FOUND`) to follow a certain pattern.
Call Stack (most recent call first):
  /usr/lib/x86_64-linux-gnu/cmake/pcl/PCLConfig.cmake:616 (find_package_handle_standard_args)
  TGH-Planner/TGH_Planner/plan_manage/CMakeLists.txt:9 (find_package)
This warning is for project developers.  Use -Wno-dev to suppress it.

-- looking for PCL_SEARCH
CMake Warning (dev) at /usr/local/share/cmake-3.28/Modules/FindPackageHandleStandardArgs.cmake:438 (message):
  The package name passed to `find_package_handle_standard_args` (PCL_SEARCH)
  does not match the name of the calling package (PCL).  This can lead to
  problems in calling code that expects `find_package` result variables
  (e.g., `_FOUND`) to follow a certain pattern.
Call Stack (most recent call first):
  /usr/lib/x86_64-linux-gnu/cmake/pcl/PCLConfig.cmake:616 (find_package_handle_standard_args)
  TGH-Planner/TGH_Planner/plan_manage/CMakeLists.txt:9 (find_package)
This warning is for project developers.  Use -Wno-dev to suppress it.

-- looking for PCL_SAMPLE_CONSENSUS
CMake Warning (dev) at /usr/local/share/cmake-3.28/Modules/FindPackageHandleStandardArgs.cmake:438 (message):
  The package name passed to `find_package_handle_standard_args`
  (PCL_SAMPLE_CONSENSUS) does not match the name of the calling package
  (PCL).  This can lead to problems in calling code that expects
  `find_package` result variables (e.g., `_FOUND`) to follow a certain
  pattern.
Call Stack (most recent call first):
  /usr/lib/x86_64-linux-gnu/cmake/pcl/PCLConfig.cmake:616 (find_package_handle_standard_args)
  TGH-Planner/TGH_Planner/plan_manage/CMakeLists.txt:9 (find_package)
This warning is for project developers.  Use -Wno-dev to suppress it.

-- looking for PCL_FILTERS
CMake Warning (dev) at /usr/local/share/cmake-3.28/Modules/FindPackageHandleStandardArgs.cmake:438 (message):
  The package name passed to `find_package_handle_standard_args`
  (PCL_FILTERS) does not match the name of the calling package (PCL).  This
  can lead to problems in calling code that expects `find_package` result
  variables (e.g., `_FOUND`) to follow a certain pattern.
Call Stack (most recent call first):
  /usr/lib/x86_64-linux-gnu/cmake/pcl/PCLConfig.cmake:616 (find_package_handle_standard_args)
  TGH-Planner/TGH_Planner/plan_manage/CMakeLists.txt:9 (find_package)
This warning is for project developers.  Use -Wno-dev to suppress it.

-- looking for PCL_2D
CMake Warning (dev) at /usr/local/share/cmake-3.28/Modules/FindPackageHandleStandardArgs.cmake:438 (message):
  The package name passed to `find_package_handle_standard_args` (PCL_2D)
  does not match the name of the calling package (PCL).  This can lead to
  problems in calling code that expects `find_package` result variables
  (e.g., `_FOUND`) to follow a certain pattern.
Call Stack (most recent call first):
  /usr/lib/x86_64-linux-gnu/cmake/pcl/PCLConfig.cmake:619 (find_package_handle_standard_args)
  TGH-Planner/TGH_Planner/plan_manage/CMakeLists.txt:9 (find_package)
This warning is for project developers.  Use -Wno-dev to suppress it.

-- looking for PCL_GEOMETRY
CMake Warning (dev) at /usr/local/share/cmake-3.28/Modules/FindPackageHandleStandardArgs.cmake:438 (message):
  The package name passed to `find_package_handle_standard_args`
  (PCL_GEOMETRY) does not match the name of the calling package (PCL).  This
  can lead to problems in calling code that expects `find_package` result
  variables (e.g., `_FOUND`) to follow a certain pattern.
Call Stack (most recent call first):
  /usr/lib/x86_64-linux-gnu/cmake/pcl/PCLConfig.cmake:619 (find_package_handle_standard_args)
  TGH-Planner/TGH_Planner/plan_manage/CMakeLists.txt:9 (find_package)
This warning is for project developers.  Use -Wno-dev to suppress it.

-- looking for PCL_IO
CMake Warning (dev) at /usr/local/share/cmake-3.28/Modules/FindPackageHandleStandardArgs.cmake:438 (message):
  The package name passed to `find_package_handle_standard_args` (PCL_IO)
  does not match the name of the calling package (PCL).  This can lead to
  problems in calling code that expects `find_package` result variables
  (e.g., `_FOUND`) to follow a certain pattern.
Call Stack (most recent call first):
  /usr/lib/x86_64-linux-gnu/cmake/pcl/PCLConfig.cmake:616 (find_package_handle_standard_args)
  TGH-Planner/TGH_Planner/plan_manage/CMakeLists.txt:9 (find_package)
This warning is for project developers.  Use -Wno-dev to suppress it.

-- looking for PCL_FEATURES
CMake Warning (dev) at /usr/local/share/cmake-3.28/Modules/FindPackageHandleStandardArgs.cmake:438 (message):
  The package name passed to `find_package_handle_standard_args`
  (PCL_FEATURES) does not match the name of the calling package (PCL).  This
  can lead to problems in calling code that expects `find_package` result
  variables (e.g., `_FOUND`) to follow a certain pattern.
Call Stack (most recent call first):
  /usr/lib/x86_64-linux-gnu/cmake/pcl/PCLConfig.cmake:616 (find_package_handle_standard_args)
  TGH-Planner/TGH_Planner/plan_manage/CMakeLists.txt:9 (find_package)
This warning is for project developers.  Use -Wno-dev to suppress it.

-- looking for PCL_ML
CMake Warning (dev) at /usr/local/share/cmake-3.28/Modules/FindPackageHandleStandardArgs.cmake:438 (message):
  The package name passed to `find_package_handle_standard_args` (PCL_ML)
  does not match the name of the calling package (PCL).  This can lead to
  problems in calling code that expects `find_package` result variables
  (e.g., `_FOUND`) to follow a certain pattern.
Call Stack (most recent call first):
  /usr/lib/x86_64-linux-gnu/cmake/pcl/PCLConfig.cmake:616 (find_package_handle_standard_args)
  TGH-Planner/TGH_Planner/plan_manage/CMakeLists.txt:9 (find_package)
This warning is for project developers.  Use -Wno-dev to suppress it.

-- looking for PCL_SEGMENTATION
CMake Warning (dev) at /usr/local/share/cmake-3.28/Modules/FindPackageHandleStandardArgs.cmake:438 (message):
  The package name passed to `find_package_handle_standard_args`
  (PCL_SEGMENTATION) does not match the name of the calling package (PCL).
  This can lead to problems in calling code that expects `find_package`
  result variables (e.g., `_FOUND`) to follow a certain pattern.
Call Stack (most recent call first):
  /usr/lib/x86_64-linux-gnu/cmake/pcl/PCLConfig.cmake:616 (find_package_handle_standard_args)
  TGH-Planner/TGH_Planner/plan_manage/CMakeLists.txt:9 (find_package)
This warning is for project developers.  Use -Wno-dev to suppress it.

-- looking for PCL_VISUALIZATION
CMake Warning (dev) at /usr/local/share/cmake-3.28/Modules/FindPackageHandleStandardArgs.cmake:438 (message):
  The package name passed to `find_package_handle_standard_args`
  (PCL_VISUALIZATION) does not match the name of the calling package (PCL).
  This can lead to problems in calling code that expects `find_package`
  result variables (e.g., `_FOUND`) to follow a certain pattern.
Call Stack (most recent call first):
  /usr/lib/x86_64-linux-gnu/cmake/pcl/PCLConfig.cmake:616 (find_package_handle_standard_args)
  TGH-Planner/TGH_Planner/plan_manage/CMakeLists.txt:9 (find_package)
This warning is for project developers.  Use -Wno-dev to suppress it.

-- looking for PCL_SURFACE
CMake Warning (dev) at /usr/local/share/cmake-3.28/Modules/FindPackageHandleStandardArgs.cmake:438 (message):
  The package name passed to `find_package_handle_standard_args`
  (PCL_SURFACE) does not match the name of the calling package (PCL).  This
  can lead to problems in calling code that expects `find_package` result
  variables (e.g., `_FOUND`) to follow a certain pattern.
Call Stack (most recent call first):
  /usr/lib/x86_64-linux-gnu/cmake/pcl/PCLConfig.cmake:616 (find_package_handle_standard_args)
  TGH-Planner/TGH_Planner/plan_manage/CMakeLists.txt:9 (find_package)
This warning is for project developers.  Use -Wno-dev to suppress it.

-- looking for PCL_REGISTRATION
CMake Warning (dev) at /usr/local/share/cmake-3.28/Modules/FindPackageHandleStandardArgs.cmake:438 (message):
  The package name passed to `find_package_handle_standard_args`
  (PCL_REGISTRATION) does not match the name of the calling package (PCL).
  This can lead to problems in calling code that expects `find_package`
  result variables (e.g., `_FOUND`) to follow a certain pattern.
Call Stack (most recent call first):
  /usr/lib/x86_64-linux-gnu/cmake/pcl/PCLConfig.cmake:616 (find_package_handle_standard_args)
  TGH-Planner/TGH_Planner/plan_manage/CMakeLists.txt:9 (find_package)
This warning is for project developers.  Use -Wno-dev to suppress it.

-- looking for PCL_KEYPOINTS
CMake Warning (dev) at /usr/local/share/cmake-3.28/Modules/FindPackageHandleStandardArgs.cmake:438 (message):
  The package name passed to `find_package_handle_standard_args`
  (PCL_KEYPOINTS) does not match the name of the calling package (PCL).  This
  can lead to problems in calling code that expects `find_package` result
  variables (e.g., `_FOUND`) to follow a certain pattern.
Call Stack (most recent call first):
  /usr/lib/x86_64-linux-gnu/cmake/pcl/PCLConfig.cmake:616 (find_package_handle_standard_args)
  TGH-Planner/TGH_Planner/plan_manage/CMakeLists.txt:9 (find_package)
This warning is for project developers.  Use -Wno-dev to suppress it.

-- looking for PCL_TRACKING
CMake Warning (dev) at /usr/local/share/cmake-3.28/Modules/FindPackageHandleStandardArgs.cmake:438 (message):
  The package name passed to `find_package_handle_standard_args`
  (PCL_TRACKING) does not match the name of the calling package (PCL).  This
  can lead to problems in calling code that expects `find_package` result
  variables (e.g., `_FOUND`) to follow a certain pattern.
Call Stack (most recent call first):
  /usr/lib/x86_64-linux-gnu/cmake/pcl/PCLConfig.cmake:616 (find_package_handle_standard_args)
  TGH-Planner/TGH_Planner/plan_manage/CMakeLists.txt:9 (find_package)
This warning is for project developers.  Use -Wno-dev to suppress it.

-- looking for PCL_RECOGNITION
CMake Warning (dev) at /usr/local/share/cmake-3.28/Modules/FindPackageHandleStandardArgs.cmake:438 (message):
  The package name passed to `find_package_handle_standard_args`
  (PCL_RECOGNITION) does not match the name of the calling package (PCL).
  This can lead to problems in calling code that expects `find_package`
  result variables (e.g., `_FOUND`) to follow a certain pattern.
Call Stack (most recent call first):
  /usr/lib/x86_64-linux-gnu/cmake/pcl/PCLConfig.cmake:616 (find_package_handle_standard_args)
  TGH-Planner/TGH_Planner/plan_manage/CMakeLists.txt:9 (find_package)
This warning is for project developers.  Use -Wno-dev to suppress it.

-- looking for PCL_STEREO
CMake Warning (dev) at /usr/local/share/cmake-3.28/Modules/FindPackageHandleStandardArgs.cmake:438 (message):
  The package name passed to `find_package_handle_standard_args` (PCL_STEREO)
  does not match the name of the calling package (PCL).  This can lead to
  problems in calling code that expects `find_package` result variables
  (e.g., `_FOUND`) to follow a certain pattern.
Call Stack (most recent call first):
  /usr/lib/x86_64-linux-gnu/cmake/pcl/PCLConfig.cmake:616 (find_package_handle_standard_args)
  TGH-Planner/TGH_Planner/plan_manage/CMakeLists.txt:9 (find_package)
This warning is for project developers.  Use -Wno-dev to suppress it.

-- looking for PCL_APPS
CMake Warning (dev) at /usr/local/share/cmake-3.28/Modules/FindPackageHandleStandardArgs.cmake:438 (message):
  The package name passed to `find_package_handle_standard_args` (PCL_APPS)
  does not match the name of the calling package (PCL).  This can lead to
  problems in calling code that expects `find_package` result variables
  (e.g., `_FOUND`) to follow a certain pattern.
Call Stack (most recent call first):
  /usr/lib/x86_64-linux-gnu/cmake/pcl/PCLConfig.cmake:616 (find_package_handle_standard_args)
  TGH-Planner/TGH_Planner/plan_manage/CMakeLists.txt:9 (find_package)
This warning is for project developers.  Use -Wno-dev to suppress it.

-- looking for PCL_IN_HAND_SCANNER
CMake Warning (dev) at /usr/local/share/cmake-3.28/Modules/FindPackageHandleStandardArgs.cmake:438 (message):
  The package name passed to `find_package_handle_standard_args`
  (PCL_IN_HAND_SCANNER) does not match the name of the calling package (PCL).
  This can lead to problems in calling code that expects `find_package`
  result variables (e.g., `_FOUND`) to follow a certain pattern.
Call Stack (most recent call first):
  /usr/lib/x86_64-linux-gnu/cmake/pcl/PCLConfig.cmake:619 (find_package_handle_standard_args)
  TGH-Planner/TGH_Planner/plan_manage/CMakeLists.txt:9 (find_package)
This warning is for project developers.  Use -Wno-dev to suppress it.

-- looking for PCL_POINT_CLOUD_EDITOR
CMake Warning (dev) at /usr/local/share/cmake-3.28/Modules/FindPackageHandleStandardArgs.cmake:438 (message):
  The package name passed to `find_package_handle_standard_args`
  (PCL_POINT_CLOUD_EDITOR) does not match the name of the calling package
  (PCL).  This can lead to problems in calling code that expects
  `find_package` result variables (e.g., `_FOUND`) to follow a certain
  pattern.
Call Stack (most recent call first):
  /usr/lib/x86_64-linux-gnu/cmake/pcl/PCLConfig.cmake:619 (find_package_handle_standard_args)
  TGH-Planner/TGH_Planner/plan_manage/CMakeLists.txt:9 (find_package)
This warning is for project developers.  Use -Wno-dev to suppress it.

-- looking for PCL_OUTOFCORE
CMake Warning (dev) at /usr/local/share/cmake-3.28/Modules/FindPackageHandleStandardArgs.cmake:438 (message):
  The package name passed to `find_package_handle_standard_args`
  (PCL_OUTOFCORE) does not match the name of the calling package (PCL).  This
  can lead to problems in calling code that expects `find_package` result
  variables (e.g., `_FOUND`) to follow a certain pattern.
Call Stack (most recent call first):
  /usr/lib/x86_64-linux-gnu/cmake/pcl/PCLConfig.cmake:616 (find_package_handle_standard_args)
  TGH-Planner/TGH_Planner/plan_manage/CMakeLists.txt:9 (find_package)
This warning is for project developers.  Use -Wno-dev to suppress it.

-- looking for PCL_PEOPLE
CMake Warning (dev) at /usr/local/share/cmake-3.28/Modules/FindPackageHandleStandardArgs.cmake:438 (message):
  The package name passed to `find_package_handle_standard_args` (PCL_PEOPLE)
  does not match the name of the calling package (PCL).  This can lead to
  problems in calling code that expects `find_package` result variables
  (e.g., `_FOUND`) to follow a certain pattern.
Call Stack (most recent call first):
  /usr/lib/x86_64-linux-gnu/cmake/pcl/PCLConfig.cmake:616 (find_package_handle_standard_args)
  TGH-Planner/TGH_Planner/plan_manage/CMakeLists.txt:9 (find_package)
This warning is for project developers.  Use -Wno-dev to suppress it.

-- Using these message generators: gencpp;geneus;genlisp;gennodejs;genpy
-- plan_manage: 1 messages, 0 services
-- +++ processing catkin package: 'topo_prm_planner'
-- ==> add_subdirectory(TGH-Planner/Utils/topo_prm_planner)
CMake Deprecation Warning at TGH-Planner/Utils/topo_prm_planner/CMakeLists.txt:1 (cmake_minimum_required):
  Compatibility with CMake < 3.5 will be removed from a future version of
  CMake.

  Update the VERSION argument <min> value or use a ...<max> suffix to tell
  CMake that the project does not need compatibility with older versions.


-- Using these message generators: gencpp;geneus;genlisp;gennodejs;genpy
CMake Warning at /home/hyh/TGH_ws/build/TGH-Planner/Utils/topo_prm_planner/cmake/topo_prm_planner-genmsg.cmake:3 (message):
  Invoking generate_messages() without having added any message or service
  file before.

  You should either add add_message_files() and/or add_service_files() calls
  or remove the invocation of generate_messages().
Call Stack (most recent call first):
  /opt/ros/noetic/share/genmsg/cmake/genmsg-extras.cmake:307 (include)
  TGH-Planner/Utils/topo_prm_planner/CMakeLists.txt:22 (generate_messages)


-- topo_prm_planner: 0 messages, 0 services
-- +++ processing catkin package: 'realsense_ros_gazebo'
-- ==> add_subdirectory(TGH-Planner/gazebo_sim/realsense_ros_gazebo)
CMake Deprecation Warning at TGH-Planner/gazebo_sim/realsense_ros_gazebo/CMakeLists.txt:1 (cmake_minimum_required):
  Compatibility with CMake < 3.5 will be removed from a future version of
  CMake.

  Update the VERSION argument <min> value or use a ...<max> suffix to tell
  CMake that the project does not need compatibility with older versions.


WARNING: package 'gazebo_dev' is deprecated (This package has been deprecated as of January 2025 with Gazebo classic 11 reaching
      end-of-life. Users are highly encouraged to migrate to the new Gazebo
      using our migration guides (https://gazebosim.org/docs/latest/gazebo_classic_migration))
-- Found DART: /usr/include (Required is at least version "6.6") found components: dart 
-- Found Boost: /usr/lib/x86_64-linux-gnu/cmake/Boost-1.71.0/BoostConfig.cmake (found suitable version "1.71.0", minimum required is "1.40.0") found components: thread system filesystem program_options regex iostreams date_time 
-- Looking for ignition-math6 -- found version 6.15.1
-- Searching for dependencies of ignition-math6
-- Looking for OGRE...
-- Found Ogre Ghadamon (1.9.0)
-- Found OGRE: optimized;/usr/lib/x86_64-linux-gnu/libOgreMain.so;debug;/usr/lib/x86_64-linux-gnu/libOgreMain.so
-- Looking for OGRE_Paging...
-- Found OGRE_Paging: optimized;/usr/lib/x86_64-linux-gnu/libOgrePaging.so;debug;/usr/lib/x86_64-linux-gnu/libOgrePaging.so
-- Looking for OGRE_Terrain...
-- Found OGRE_Terrain: optimized;/usr/lib/x86_64-linux-gnu/libOgreTerrain.so;debug;/usr/lib/x86_64-linux-gnu/libOgreTerrain.so
-- Looking for OGRE_Property...
-- Found OGRE_Property: optimized;/usr/lib/x86_64-linux-gnu/libOgreProperty.so;debug;/usr/lib/x86_64-linux-gnu/libOgreProperty.so
-- Looking for OGRE_RTShaderSystem...
-- Found OGRE_RTShaderSystem: optimized;/usr/lib/x86_64-linux-gnu/libOgreRTShaderSystem.so;debug;/usr/lib/x86_64-linux-gnu/libOgreRTShaderSystem.so
-- Looking for OGRE_Volume...
-- Found OGRE_Volume: optimized;/usr/lib/x86_64-linux-gnu/libOgreVolume.so;debug;/usr/lib/x86_64-linux-gnu/libOgreVolume.so
-- Looking for OGRE_Overlay...
-- Found OGRE_Overlay: optimized;/usr/lib/x86_64-linux-gnu/libOgreOverlay.so;debug;/usr/lib/x86_64-linux-gnu/libOgreOverlay.so
-- Looking for ignition-math6 -- found version 6.15.1
-- Looking for ignition-transport8 -- found version 8.5.0
-- Searching for dependencies of ignition-transport8
-- Config-file not installed for ZeroMQ -- checking for pkg-config
-- Checking for module 'libzmq >= 4'
--   Found libzmq, version 4.3.2
-- Checking for module 'uuid'
--   Found uuid, version 2.34.0
-- Looking for ignition-msgs5 -- found version 5.11.0
-- Searching for dependencies of ignition-msgs5
-- Found Protobuf: /usr/lib/x86_64-linux-gnu/libprotobuf.so;-lpthread (found suitable version "3.6.1", minimum required is "3") 
-- Looking for ignition-math6 -- found version 6.15.1
-- Checking for module 'tinyxml2'
--   Found tinyxml2, version 6.2.0
-- Looking for ignition-msgs5 -- found version 5.11.0
-- Looking for ignition-common3 -- found version 3.17.0
-- Searching for dependencies of ignition-common3
-- Looking for dlfcn.h - found
-- Looking for libdl - found
-- Searching for <ignition-common3> component [graphics]
-- Looking for ignition-common3-graphics -- found version 3.17.0
-- Searching for dependencies of ignition-common3-graphics
-- Looking for ignition-math6 -- found version 6.15.1
-- Looking for ignition-fuel_tools4 -- found version 4.9.1
-- Searching for dependencies of ignition-fuel_tools4
-- Checking for module 'jsoncpp'
--   Found jsoncpp, version 1.7.4
-- Checking for module 'yaml-0.1'
--   Found yaml-0.1, version 0.2.2
-- Checking for module 'libzip'
--   Found libzip, version 1.5.1
-- Looking for ignition-common3 -- found version 3.17.0
-- Looking for ignition-math6 -- found version 6.15.1
-- Looking for ignition-msgs5 -- found version 5.11.0
-- Gazebo version: 11.15
WARNING: package 'gazebo_msgs' is deprecated (This package has been deprecated as of January 2025 with Gazebo classic 11 reaching
      end-of-life. Users are highly encouraged to migrate to the new Gazebo
      using our migration guides (https://gazebosim.org/docs/latest/gazebo_classic_migration))
-- Using these message generators: gencpp;geneus;genlisp;gennodejs;genpy
WARNING: package 'gazebo_ros' is deprecated (This package has been deprecated as of January 2025 with Gazebo classic 11 reaching
      end-of-life. Users are highly encouraged to migrate to the new Gazebo
      using our migration guides (https://gazebosim.org/docs/latest/gazebo_classic_migration))
-- Found Boost: /usr/lib/x86_64-linux-gnu/cmake/Boost-1.71.0/BoostConfig.cmake (found version "1.71.0") found components: thread 
-- +++ processing catkin package: 'rotors_gazebo_plugins'
-- ==> add_subdirectory(TGH-Planner/gazebo_sim/fly_sim/rotors_fly/rotors_gazebo_plugins)
CMake Deprecation Warning at TGH-Planner/gazebo_sim/fly_sim/rotors_fly/rotors_gazebo_plugins/CMakeLists.txt:12 (cmake_minimum_required):
  Compatibility with CMake < 3.5 will be removed from a future version of
  CMake.

  Update the VERSION argument <min> value or use a ...<max> suffix to tell
  CMake that the project does not need compatibility with older versions.


-- BUILD_OCTOMAP_PLUGIN variable not provided, setting to FALSE.
-- BUILD_OPTICAL_FLOW_PLUGIN variable not provided, setting to FALSE.
-- NO_ROS variable not provided, setting to FALSE.
-- CMAKE_BINARY_DIR = /home/hyh/TGH_ws/build
CMake Warning (dev) at /usr/local/share/cmake-3.28/Modules/FindPackageHandleStandardArgs.cmake:438 (message):
  The package name passed to `find_package_handle_standard_args` (MAVLink)
  does not match the name of the calling package (mavlink).  This can lead to
  problems in calling code that expects `find_package` result variables
  (e.g., `_FOUND`) to follow a certain pattern.
Call Stack (most recent call first):
  TGH-Planner/gazebo_sim/fly_sim/rotors_fly/rotors_gazebo_plugins/cmake/Findmavlink.cmake:68 (find_package_handle_standard_args)
  TGH-Planner/gazebo_sim/fly_sim/rotors_fly/rotors_gazebo_plugins/CMakeLists.txt:52 (find_package)
This warning is for project developers.  Use -Wno-dev to suppress it.

-- Could NOT find MAVLink (missing: MAVLINK_INCLUDE_DIRS) (found version "2.0")
--  mavlink not found, not building MAVLINK_INTERFACE_PLUGIN.
-- ADDITIONAL_INCLUDE_DIRS = 
-- BUILD_OCTOMAP_PLUGIN = FALSE, NOT building gazebo_octomap_plugin.
-- BUILD_OPTICAL_FLOW_PLUGIN = FALSE, NOT building gazebo_optical_flow_plugin.
-- NO_ROS = FALSE, building rotors_gazebo_plugins WITH ROS dependancies.
WARNING: package 'gazebo_plugins' is deprecated (This package has been deprecated as of January 2025 with Gazebo classic 11 reaching
      end-of-life. Users are highly encouraged to migrate to the new Gazebo
      using our migration guides (https://gazebosim.org/docs/latest/gazebo_classic_migration))
WARNING: package 'gazebo_msgs' is deprecated (This package has been deprecated as of January 2025 with Gazebo classic 11 reaching
      end-of-life. Users are highly encouraged to migrate to the new Gazebo
      using our migration guides (https://gazebosim.org/docs/latest/gazebo_classic_migration))
-- Using these message generators: gencpp;geneus;genlisp;gennodejs;genpy
-- CMAKE_BINARY_DIR = /home/hyh/TGH_ws/build
-- Found Eigen: /usr/include/eigen3  
-- Eigen found (include: /usr/include/eigen3)
WARNING: package 'gazebo_dev' is deprecated (This package has been deprecated as of January 2025 with Gazebo classic 11 reaching
      end-of-life. Users are highly encouraged to migrate to the new Gazebo
      using our migration guides (https://gazebosim.org/docs/latest/gazebo_classic_migration))
-- Found DART: /usr/include (Required is at least version "6.6") found components: dart 
-- Found Boost: /usr/lib/x86_64-linux-gnu/cmake/Boost-1.71.0/BoostConfig.cmake (found suitable version "1.71.0", minimum required is "1.40.0") found components: thread system filesystem program_options regex iostreams date_time 
-- Found Protobuf: /usr/lib/x86_64-linux-gnu/libprotobuf.so;-lpthread (found version "3.6.1") 
-- Looking for ignition-math6 -- found version 6.15.1
-- Searching for dependencies of ignition-math6
-- Looking for OGRE...
-- Found Ogre Ghadamon (1.9.0)
-- Found OGRE: optimized;/usr/lib/x86_64-linux-gnu/libOgreMain.so;debug;/usr/lib/x86_64-linux-gnu/libOgreMain.so
-- Looking for OGRE_Paging...
-- Found OGRE_Paging: optimized;/usr/lib/x86_64-linux-gnu/libOgrePaging.so;debug;/usr/lib/x86_64-linux-gnu/libOgrePaging.so
-- Looking for OGRE_Terrain...
-- Found OGRE_Terrain: optimized;/usr/lib/x86_64-linux-gnu/libOgreTerrain.so;debug;/usr/lib/x86_64-linux-gnu/libOgreTerrain.so
-- Looking for OGRE_Property...
-- Found OGRE_Property: optimized;/usr/lib/x86_64-linux-gnu/libOgreProperty.so;debug;/usr/lib/x86_64-linux-gnu/libOgreProperty.so
-- Looking for OGRE_RTShaderSystem...
-- Found OGRE_RTShaderSystem: optimized;/usr/lib/x86_64-linux-gnu/libOgreRTShaderSystem.so;debug;/usr/lib/x86_64-linux-gnu/libOgreRTShaderSystem.so
-- Looking for OGRE_Volume...
-- Found OGRE_Volume: optimized;/usr/lib/x86_64-linux-gnu/libOgreVolume.so;debug;/usr/lib/x86_64-linux-gnu/libOgreVolume.so
-- Looking for OGRE_Overlay...
-- Found OGRE_Overlay: optimized;/usr/lib/x86_64-linux-gnu/libOgreOverlay.so;debug;/usr/lib/x86_64-linux-gnu/libOgreOverlay.so
-- Looking for ignition-math6 -- found version 6.15.1
-- Looking for ignition-transport8 -- found version 8.5.0
-- Searching for dependencies of ignition-transport8
-- Config-file not installed for ZeroMQ -- checking for pkg-config
-- Checking for module 'libzmq >= 4'
--   Found libzmq, version 4.3.2
-- Checking for module 'uuid'
--   Found uuid, version 2.34.0
-- Looking for ignition-msgs5 -- found version 5.11.0
-- Searching for dependencies of ignition-msgs5
-- Found Protobuf: /usr/lib/x86_64-linux-gnu/libprotobuf.so;-lpthread (found suitable version "3.6.1", minimum required is "3") 
-- Looking for ignition-math6 -- found version 6.15.1
-- Checking for module 'tinyxml2'
--   Found tinyxml2, version 6.2.0
-- Looking for ignition-msgs5 -- found version 5.11.0
-- Looking for ignition-common3 -- found version 3.17.0
-- Searching for dependencies of ignition-common3
-- Looking for dlfcn.h - found
-- Looking for libdl - found
-- Searching for <ignition-common3> component [graphics]
-- Looking for ignition-common3-graphics -- found version 3.17.0
-- Searching for dependencies of ignition-common3-graphics
-- Looking for ignition-math6 -- found version 6.15.1
-- Looking for ignition-fuel_tools4 -- found version 4.9.1
-- Searching for dependencies of ignition-fuel_tools4
-- Checking for module 'jsoncpp'
--   Found jsoncpp, version 1.7.4
-- Checking for module 'yaml-0.1'
--   Found yaml-0.1, version 0.2.2
-- Checking for module 'libzip'
--   Found libzip, version 1.5.1
-- Looking for ignition-common3 -- found version 3.17.0
-- Looking for ignition-math6 -- found version 6.15.1
-- Looking for ignition-msgs5 -- found version 5.11.0
-- Gazebo version: 11.15
-- No yaml_cpp_catkin, using yaml-cpp system library instead.
-- PROTOBUF_IMPORT_DIRS = /usr/include/gazebo-11/gazebo/msgs/proto
-- Found Protobuf: /usr/lib/x86_64-linux-gnu/libprotobuf.so;-lpthread (found version "3.6.1") 
CMake Warning at /opt/ros/noetic/share/catkin/cmake/catkin_package.cmake:166 (message):
  catkin_package() DEPENDS on 'octomap' but neither 'octomap_INCLUDE_DIRS'
  nor 'octomap_LIBRARIES' is defined.
Call Stack (most recent call first):
  /opt/ros/noetic/share/catkin/cmake/catkin_package.cmake:102 (_catkin_package)
  TGH-Planner/gazebo_sim/fly_sim/rotors_fly/rotors_gazebo_plugins/CMakeLists.txt:230 (catkin_package)


-- GAZEBO 11.15.1
-- 
-- BUILD_MAVLINK_INTERFACE_PLUGIN = FALSE, NOT adding mavros dependency and NOT building mavlink_interface_plugin.
-- CMAKE_INSTALL_PREFIX = /home/hyh/TGH_ws/install
-- +++ processing catkin package: 'waypoint_generator'
-- ==> add_subdirectory(TGH-Planner/Utils/waypoint_generator)
CMake Deprecation Warning at TGH-Planner/Utils/waypoint_generator/CMakeLists.txt:1 (cmake_minimum_required):
  Compatibility with CMake < 3.5 will be removed from a future version of
  CMake.

  Update the VERSION argument <min> value or use a ...<max> suffix to tell
  CMake that the project does not need compatibility with older versions.


-- Using these message generators: gencpp;geneus;genlisp;gennodejs;genpy
-- Configuring done (12.6s)
CMake Warning at TGH-Planner/Utils/egvg_record/CMakeLists.txt:54 (add_executable):
  Cannot generate a safe linker search path for target egvg_record because
  files in some directories may conflict with libraries in implicit
  directories:

    link library [libpcl_kdtree.so] in /usr/lib/x86_64-linux-gnu may be hidden by files in:
      /usr/local/lib
    link library [libpcl_search.so] in /usr/lib/x86_64-linux-gnu may be hidden by files in:
      /usr/local/lib
    link library [libpcl_features.so] in /usr/lib/x86_64-linux-gnu may be hidden by files in:
      /usr/local/lib
    link library [libpcl_sample_consensus.so] in /usr/lib/x86_64-linux-gnu may be hidden by files in:
      /usr/local/lib
    link library [libpcl_filters.so] in /usr/lib/x86_64-linux-gnu may be hidden by files in:
      /usr/local/lib
    link library [libpcl_ml.so] in /usr/lib/x86_64-linux-gnu may be hidden by files in:
      /usr/local/lib
    link library [libpcl_segmentation.so] in /usr/lib/x86_64-linux-gnu may be hidden by files in:
      /usr/local/lib
    link library [libpcl_surface.so] in /usr/lib/x86_64-linux-gnu may be hidden by files in:
      /usr/local/lib
    link library [libpcl_common.so] in /usr/lib/x86_64-linux-gnu may be hidden by files in:
      /usr/local/lib
    link library [libpcl_octree.so] in /usr/lib/x86_64-linux-gnu may be hidden by files in:
      /usr/local/lib
    link library [libpcl_io.so] in /usr/lib/x86_64-linux-gnu may be hidden by files in:
      /usr/local/lib

  Some of these libraries may not be found correctly.


CMake Warning at TGH-Planner/cmu_palnner/local_planner/CMakeLists.txt:52 (add_executable):
  Cannot generate a safe linker search path for target localPlanner because
  files in some directories may conflict with libraries in implicit
  directories:

    link library [libpcl_kdtree.so] in /usr/lib/x86_64-linux-gnu may be hidden by files in:
      /usr/local/lib
    link library [libpcl_search.so] in /usr/lib/x86_64-linux-gnu may be hidden by files in:
      /usr/local/lib
    link library [libpcl_features.so] in /usr/lib/x86_64-linux-gnu may be hidden by files in:
      /usr/local/lib
    link library [libpcl_sample_consensus.so] in /usr/lib/x86_64-linux-gnu may be hidden by files in:
      /usr/local/lib
    link library [libpcl_filters.so] in /usr/lib/x86_64-linux-gnu may be hidden by files in:
      /usr/local/lib
    link library [libpcl_ml.so] in /usr/lib/x86_64-linux-gnu may be hidden by files in:
      /usr/local/lib
    link library [libpcl_segmentation.so] in /usr/lib/x86_64-linux-gnu may be hidden by files in:
      /usr/local/lib
    link library [libpcl_surface.so] in /usr/lib/x86_64-linux-gnu may be hidden by files in:
      /usr/local/lib
    link library [libpcl_common.so] in /usr/lib/x86_64-linux-gnu may be hidden by files in:
      /usr/local/lib
    link library [libpcl_octree.so] in /usr/lib/x86_64-linux-gnu may be hidden by files in:
      /usr/local/lib
    link library [libpcl_io.so] in /usr/lib/x86_64-linux-gnu may be hidden by files in:
      /usr/local/lib

  Some of these libraries may not be found correctly.


CMake Warning at TGH-Planner/cmu_palnner/local_planner/CMakeLists.txt:53 (add_executable):
  Cannot generate a safe linker search path for target pathFollower because
  files in some directories may conflict with libraries in implicit
  directories:

    link library [libpcl_kdtree.so] in /usr/lib/x86_64-linux-gnu may be hidden by files in:
      /usr/local/lib
    link library [libpcl_search.so] in /usr/lib/x86_64-linux-gnu may be hidden by files in:
      /usr/local/lib
    link library [libpcl_features.so] in /usr/lib/x86_64-linux-gnu may be hidden by files in:
      /usr/local/lib
    link library [libpcl_sample_consensus.so] in /usr/lib/x86_64-linux-gnu may be hidden by files in:
      /usr/local/lib
    link library [libpcl_filters.so] in /usr/lib/x86_64-linux-gnu may be hidden by files in:
      /usr/local/lib
    link library [libpcl_ml.so] in /usr/lib/x86_64-linux-gnu may be hidden by files in:
      /usr/local/lib
    link library [libpcl_segmentation.so] in /usr/lib/x86_64-linux-gnu may be hidden by files in:
      /usr/local/lib
    link library [libpcl_surface.so] in /usr/lib/x86_64-linux-gnu may be hidden by files in:
      /usr/local/lib
    link library [libpcl_common.so] in /usr/lib/x86_64-linux-gnu may be hidden by files in:
      /usr/local/lib
    link library [libpcl_octree.so] in /usr/lib/x86_64-linux-gnu may be hidden by files in:
      /usr/local/lib
    link library [libpcl_io.so] in /usr/lib/x86_64-linux-gnu may be hidden by files in:
      /usr/local/lib

  Some of these libraries may not be found correctly.


CMake Warning at TGH-Planner/cmu_palnner/local_planner/CMakeLists.txt:54 (add_executable):
  Cannot generate a safe linker search path for target pathExecution because
  files in some directories may conflict with libraries in implicit
  directories:

    link library [libpcl_kdtree.so] in /usr/lib/x86_64-linux-gnu may be hidden by files in:
      /usr/local/lib
    link library [libpcl_search.so] in /usr/lib/x86_64-linux-gnu may be hidden by files in:
      /usr/local/lib
    link library [libpcl_features.so] in /usr/lib/x86_64-linux-gnu may be hidden by files in:
      /usr/local/lib
    link library [libpcl_sample_consensus.so] in /usr/lib/x86_64-linux-gnu may be hidden by files in:
      /usr/local/lib
    link library [libpcl_filters.so] in /usr/lib/x86_64-linux-gnu may be hidden by files in:
      /usr/local/lib
    link library [libpcl_ml.so] in /usr/lib/x86_64-linux-gnu may be hidden by files in:
      /usr/local/lib
    link library [libpcl_segmentation.so] in /usr/lib/x86_64-linux-gnu may be hidden by files in:
      /usr/local/lib
    link library [libpcl_surface.so] in /usr/lib/x86_64-linux-gnu may be hidden by files in:
      /usr/local/lib
    link library [libpcl_common.so] in /usr/lib/x86_64-linux-gnu may be hidden by files in:
      /usr/local/lib
    link library [libpcl_octree.so] in /usr/lib/x86_64-linux-gnu may be hidden by files in:
      /usr/local/lib
    link library [libpcl_io.so] in /usr/lib/x86_64-linux-gnu may be hidden by files in:
      /usr/local/lib

  Some of these libraries may not be found correctly.


CMake Warning at TGH-Planner/cmu_palnner/terrain_analysis/CMakeLists.txt:54 (add_executable):
  Cannot generate a safe linker search path for target terrainAnalysis
  because files in some directories may conflict with libraries in implicit
  directories:

    link library [libpcl_kdtree.so] in /usr/lib/x86_64-linux-gnu may be hidden by files in:
      /usr/local/lib
    link library [libpcl_search.so] in /usr/lib/x86_64-linux-gnu may be hidden by files in:
      /usr/local/lib
    link library [libpcl_features.so] in /usr/lib/x86_64-linux-gnu may be hidden by files in:
      /usr/local/lib
    link library [libpcl_sample_consensus.so] in /usr/lib/x86_64-linux-gnu may be hidden by files in:
      /usr/local/lib
    link library [libpcl_filters.so] in /usr/lib/x86_64-linux-gnu may be hidden by files in:
      /usr/local/lib
    link library [libpcl_ml.so] in /usr/lib/x86_64-linux-gnu may be hidden by files in:
      /usr/local/lib
    link library [libpcl_segmentation.so] in /usr/lib/x86_64-linux-gnu may be hidden by files in:
      /usr/local/lib
    link library [libpcl_surface.so] in /usr/lib/x86_64-linux-gnu may be hidden by files in:
      /usr/local/lib
    link library [libpcl_common.so] in /usr/lib/x86_64-linux-gnu may be hidden by files in:
      /usr/local/lib
    link library [libpcl_octree.so] in /usr/lib/x86_64-linux-gnu may be hidden by files in:
      /usr/local/lib
    link library [libpcl_io.so] in /usr/lib/x86_64-linux-gnu may be hidden by files in:
      /usr/local/lib

  Some of these libraries may not be found correctly.


-- Generating done (0.8s)
-- Build files have been written to: /home/hyh/TGH_ws/build
[  0%] Built target std_msgs_generate_messages_py
[  0%] Built target std_msgs_generate_messages_cpp
[  0%] Built target std_msgs_generate_messages_eus
[  0%] Built target std_msgs_generate_messages_lisp
[  0%] Built target std_msgs_generate_messages_nodejs
[  0%] Built target _car_msgs_generate_messages_check_deps_CarCmd
[  0%] Built target _common_srvs_generate_messages_check_deps_traj_record
[  0%] Built target _common_srvs_generate_messages_check_deps_reset_env
[  0%] Built target _common_srvs_generate_messages_check_deps_load_or_save_global_map
[  0%] Built target _common_srvs_generate_messages_check_deps_set_init_pose
[  0%] Built target _jackal_msgs_generate_messages_check_deps_Status
[  0%] Built target _jackal_msgs_generate_messages_check_deps_Drive
[  0%] Built target _jackal_msgs_generate_messages_check_deps_DriveFeedback
[  0%] Built target geometry_msgs_generate_messages_py
[  0%] Built target octomap_msgs_generate_messages_py
[  0%] Built target _jackal_msgs_generate_messages_check_deps_Feedback
[  0%] Built target _rotors_comm_generate_messages_check_deps_RecordRosbag
[  0%] Built target geometry_msgs_generate_messages_cpp
[  0%] Built target octomap_msgs_generate_messages_cpp
[  0%] Built target geometry_msgs_generate_messages_eus
[  0%] Built target _rotors_comm_generate_messages_check_deps_Octomap
[  0%] Built target octomap_msgs_generate_messages_eus
[  0%] Built target _rotors_comm_generate_messages_check_deps_WindSpeed
[  0%] Built target geometry_msgs_generate_messages_lisp
[  0%] Built target octomap_msgs_generate_messages_lisp
[  0%] Built target geometry_msgs_generate_messages_nodejs
[  0%] Built target octomap_msgs_generate_messages_nodejs
[  1%] Built target calPathInfo
[  2%] Built target drawTrajMap
[  3%] Built target calTrajInfo
[  3%] Built target _mav_msgs_generate_messages_check_deps_GpsWaypoint
[  3%] Built target _mav_msgs_generate_messages_check_deps_Actuators
[  3%] Built target _mav_msgs_generate_messages_check_deps_RateThrust
[  3%] Built target _mav_msgs_generate_messages_check_deps_AttitudeThrust
[  3%] Built target _mav_msgs_generate_messages_check_deps_RollPitchYawrateThrust
[  3%] Built target _mav_msgs_generate_messages_check_deps_TorqueThrust
[  3%] Built target tf2_msgs_generate_messages_py
[  3%] Built target _mav_msgs_generate_messages_check_deps_FilteredSensorData
[  3%] Built target _mav_msgs_generate_messages_check_deps_Status
[  3%] Built target roscpp_generate_messages_cpp
[  3%] Built target roscpp_generate_messages_eus
[  3%] Built target roscpp_generate_messages_lisp
[  3%] Built target roscpp_generate_messages_nodejs
[  3%] Built target roscpp_generate_messages_py
[  3%] Built target rosgraph_msgs_generate_messages_cpp
[  3%] Built target rosgraph_msgs_generate_messages_eus
[  3%] Built target rosgraph_msgs_generate_messages_lisp
[  3%] Built target rosgraph_msgs_generate_messages_nodejs
[  3%] Built target rosgraph_msgs_generate_messages_py
[  3%] Built target nodelet_generate_messages_eus
[  3%] Built target nodelet_generate_messages_cpp
[  3%] Built target nodelet_generate_messages_lisp
[  3%] Built target nodelet_generate_messages_nodejs
[  3%] Built target nodelet_generate_messages_py
[  3%] Built target bond_generate_messages_cpp
[  3%] Built target bond_generate_messages_eus
[  3%] Built target bond_generate_messages_lisp
[  3%] Built target bond_generate_messages_nodejs
[  3%] Built target bond_generate_messages_py
[  3%] Built target tf_generate_messages_cpp
[  3%] Built target tf_generate_messages_eus
[  3%] Built target tf_generate_messages_lisp
[  3%] Built target tf_generate_messages_nodejs
[  3%] Built target tf_generate_messages_py
[  3%] Built target sensor_msgs_generate_messages_cpp
[  3%] Built target sensor_msgs_generate_messages_eus
[  3%] Built target sensor_msgs_generate_messages_lisp
[  3%] Built target sensor_msgs_generate_messages_nodejs
[  3%] Built target sensor_msgs_generate_messages_py
[  3%] Built target actionlib_generate_messages_cpp
[  3%] Built target actionlib_generate_messages_eus
[  3%] Built target actionlib_generate_messages_lisp
[  3%] Built target actionlib_generate_messages_nodejs
[  3%] Built target actionlib_generate_messages_py
[  3%] Built target actionlib_msgs_generate_messages_cpp
[  3%] Built target actionlib_msgs_generate_messages_eus
[  3%] Built target actionlib_msgs_generate_messages_lisp
[  3%] Built target actionlib_msgs_generate_messages_nodejs
[  3%] Built target actionlib_msgs_generate_messages_py
[  3%] Built target tf2_msgs_generate_messages_cpp
[  3%] Built target tf2_msgs_generate_messages_eus
[  3%] Built target tf2_msgs_generate_messages_lisp
[  3%] Built target tf2_msgs_generate_messages_nodejs
[  3%] Built target nav_msgs_generate_messages_py
[  3%] Built target trajectory_msgs_generate_messages_cpp
[  3%] Built target poly_traj
[  3%] Built target trajectory_msgs_generate_messages_eus
[  3%] Built target trajectory_msgs_generate_messages_lisp
[  3%] Built target trajectory_msgs_generate_messages_nodejs
[  3%] Built target trajectory_msgs_generate_messages_py
[  3%] Built target nav_msgs_generate_messages_cpp
[  3%] Built target nav_msgs_generate_messages_eus
[  3%] Built target nav_msgs_generate_messages_lisp
[  3%] Built target nav_msgs_generate_messages_nodejs
[  4%] Built target egvg_record
[  5%] Built target record_gazebo_data
[  6%] Built target localPlanner
[  7%] Built target pathFollower
[  7%] Built target save_map_point
[  8%] Built target pathExecution
[  8%] Built target topic_tools_generate_messages_py
[  8%] Built target pcl_ros_gencfg
[  8%] Built target egvg_vis
[  9%] Built target pointcloud_accumulator
[  9%] Built target dynamic_reconfigure_generate_messages_cpp
[  9%] Built target dynamic_reconfigure_generate_messages_eus
[  9%] Built target dynamic_reconfigure_generate_messages_lisp
[  9%] Built target dynamic_reconfigure_generate_messages_nodejs
[  9%] Built target dynamic_reconfigure_generate_messages_py
[  9%] Built target dynamic_reconfigure_gencfg
[  9%] Built target nodelet_topic_tools_gencfg
[  9%] Built target pcl_msgs_generate_messages_cpp
[  9%] Built target pcl_msgs_generate_messages_eus
[  9%] Built target pcl_msgs_generate_messages_lisp
[  9%] Built target pcl_msgs_generate_messages_nodejs
[  9%] Built target pcl_msgs_generate_messages_py
[  9%] Built target std_srvs_generate_messages_cpp
[  9%] Built target std_srvs_generate_messages_eus
[  9%] Built target std_srvs_generate_messages_lisp
[  9%] Built target std_srvs_generate_messages_nodejs
[  9%] Built target std_srvs_generate_messages_py
[  9%] Built target topic_tools_generate_messages_cpp
[  9%] Built target topic_tools_generate_messages_eus
[  9%] Built target topic_tools_generate_messages_lisp
[  9%] Built target topic_tools_generate_messages_nodejs
[  9%] Built target topo_prm_planner_generate_messages_py
[  9%] Built target topo_prm_planner_generate_messages_cpp
[ 10%] Built target terrainAnalysis
[ 11%] Built target dynavoro
[ 11%] Built target topo_prm_planner_generate_messages_eus
[ 11%] Built target topo_prm_planner_generate_messages_lisp
[ 11%] Built target topo_prm_planner_generate_messages_nodejs
[ 11%] Built target diagnostic_msgs_generate_messages_py
[ 11%] Built target _plan_manage_generate_messages_check_deps_Bspline
[ 11%] Built target gazebo_msgs_generate_messages_cpp
[ 11%] Built target gazebo_ros_gencfg
[ 11%] Built target gazebo_msgs_generate_messages_eus
[ 11%] Built target gazebo_msgs_generate_messages_lisp
[ 11%] Built target gazebo_msgs_generate_messages_nodejs
[ 11%] Built target gazebo_msgs_generate_messages_py
[ 11%] Built target diagnostic_msgs_generate_messages_cpp
[ 11%] Built target diagnostic_msgs_generate_messages_eus
[ 11%] Built target diagnostic_msgs_generate_messages_lisp
[ 11%] Built target diagnostic_msgs_generate_messages_nodejs
[ 11%] Built target _catkin_empty_exported_target
[ 11%] Built target visualization_msgs_generate_messages_cpp
[ 11%] Built target visualization_msgs_generate_messages_eus
[ 11%] Built target visualization_msgs_generate_messages_lisp
[ 11%] Built target visualization_msgs_generate_messages_nodejs
[ 11%] Built target visualization_msgs_generate_messages_py
[ 11%] Built target gazebo_plugins_gencfg
[ 12%] Built target car_msgs_generate_messages_py
[ 13%] Built target car_msgs_generate_messages_cpp
[ 13%] Built target car_msgs_generate_messages_eus
[ 14%] Built target car_msgs_generate_messages_lisp
[ 14%] Built target car_msgs_generate_messages_nodejs
[ 15%] Built target common_srvs_generate_messages_py
[ 16%] Built target common_srvs_generate_messages_cpp
[ 36%] Built target mav_msgs
[ 38%] Built target common_srvs_generate_messages_eus
[ 39%] Built target common_srvs_generate_messages_lisp
[ 41%] Built target common_srvs_generate_messages_nodejs
[ 43%] Built target jackal_msgs_generate_messages_py
[ 44%] Built target jackal_msgs_generate_messages_cpp
[ 46%] Built target jackal_msgs_generate_messages_eus
[ 47%] Built target jackal_msgs_generate_messages_lisp
[ 48%] Built target jackal_msgs_generate_messages_nodejs
[ 50%] Built target rotors_comm_generate_messages_py
[ 51%] Built target rotors_comm_generate_messages_cpp
[ 53%] Built target rotors_comm_generate_messages_eus
[ 54%] Built target rotors_comm_generate_messages_lisp
[ 54%] Built target rotors_comm_generate_messages_nodejs
[ 57%] Built target mav_msgs_generate_messages_py
[ 59%] Built target mav_msgs_generate_messages_cpp
[ 62%] Built target mav_msgs_generate_messages_eus
[ 65%] Built target mav_msgs_generate_messages_lisp
[ 68%] Built target mav_msgs_generate_messages_nodejs
[ 69%] Built target sensor_odom_to_world_node
[ 69%] Built target car_simulator_nodelet
[ 70%] Built target slam_output
[ 71%] Built target mainLauMethod
[ 72%] Built target plan_manage_generate_messages_py
[ 72%] Built target plan_manage_generate_messages_cpp
[ 73%] Built target voronoi_planner_node
[ 73%] Built target obj_generator
[ 74%] Built target plan_manage_generate_messages_eus
[ 74%] Built target plan_manage_generate_messages_lisp
[ 74%] Built target plan_manage_generate_messages_nodejs
[ 74%] Built target topo_prm_planner_generate_messages
[ 76%] Built target plan_env
[ 76%] Built target car_msgs_generate_messages
[ 76%] Built target common_srvs_generate_messages
[ 76%] Built target jackal_msgs_generate_messages
[ 77%] Built target waypoint_generator
[ 77%] Built target rotors_comm_generate_messages
[ 77%] Built target mav_msgs_generate_messages
[ 77%] Built target realsense_gazebo_plugin
[ 78%] Built target lee_position_controller
[ 79%] Built target roll_pitch_yawrate_thrust_controller
[ 79%] Built target slam_sim_output_node
[ 80%] Built target raycast_test
[ 81%] Built target bspline
[ 81%] Built target plan_manage_generate_messages
[ 81%] Built target rotors_gazebo_controller_interface
[ 82%] Built target rotors_gazebo_bag_plugin
[ 82%] Built target gazebo_geotagged_images_plugin
[ 84%] Built target path_searching
[ 85%] Built target rotors_gazebo_gps_plugin
[ 86%] Built target rotors_gazebo_fw_dynamics_plugin
[ 86%] Built target rotors_gazebo_imu_plugin
[ 87%] Built target rotors_gazebo_lidar_plugin
[ 87%] Built target rotors_gazebo_magnetometer_plugin
[ 88%] Built target rotors_gazebo_motor_model
[ 89%] Built target rotors_gazebo_noisydepth_plugin
[ 90%] Built target rotors_gazebo_multirotor_base_plugin
[ 91%] Built target rotors_gazebo_odometry_plugin
[ 92%] Built target rotors_gazebo_pressure_plugin
[ 92%] Built target rotors_gazebo_odometry_no_tf_plugin
[ 92%] Built target LiftDragPlugin
[ 93%] Built target rotors_gazebo_wind_plugin
[ 93%] Built target rotors_gazebo_ros_interface_plugin
[ 94%] Built target nlopt_test
[ 94%] Built target lee_position_controller_node
[ 94%] Built target roll_pitch_yawrate_thrust_controller_node
[ 94%] Built target bspline_opt
[ 94%] Built target car_mpc_nodelet
[ 94%] Built target traj_utils
[ 95%] Built target traj_server
[ 96%] Built target publish_nav_goal
[ 97%] Built target topo_prm_planner
[100%] Built target fast_planner_node
Base path: /home/hyh/TGH_ws
Source space: /home/hyh/TGH_ws/src
Build space: /home/hyh/TGH_ws/build
Devel space: /home/hyh/TGH_ws/devel
Install space: /home/hyh/TGH_ws/install
####
#### Running command: "cmake /home/hyh/TGH_ws/src -DCMAKE_BUILD_TYPE=Release -DPYTHON_EXECUTABLE=/usr/bin/python3 -DEigen3_DIR=/usr/lib/cmake/eigen3 -DOpenCV_DIR=/usr/lib/x86_64-linux-gnu/cmake/opencv4 -U PCL_* -DPCL_DIR=/usr/lib/x86_64-linux-gnu/cmake/pcl -DCATKIN_DEVEL_PREFIX=/home/hyh/TGH_ws/devel -DCMAKE_INSTALL_PREFIX=/home/hyh/TGH_ws/install -G Unix Makefiles" in "/home/hyh/TGH_ws/build"
####
####
#### Running command: "make -j4 -l4" in "/home/hyh/TGH_ws/build"
####
